Id,price
PSJEN,94.0
PVZW7,152.0
EJLAM,64.0
SDHPB,65.0
MJGYX,59.0
W2IB5,357.0
QQ6N7,75.0
KZ8D0,63.0
6GVSR,91.0
M13UD,160.0
JGFX2,115.0
SWFBE,100.0
AGG3O,90.0
8SXGU,55.0
8UQUQ,54.0
RWSBZ,58.0
CP2YK,150.0
0UCG1,65.0
N5NBU,123.0
RXDRA,325.0
27BDQ,70.0
DQFIY,175.0
4HRAF,59.0
PDWVC,67.0
G5EYJ,58.0
3IKG8,65.0
EPXVM,40.0
1JEZF,150.0
DQMFO,125.0
STTV9,59.0
P4KXV,45.0
A674U,55.0
R9H7N,50.0
6D5IK,236.0
BZ7OW,391.0
DFIHL,93.0
W2ANQ,85.0
8GHVJ,60.0
NGVRV,128.0
YWB7E,230.0
9OQ8H,125.0
A9ZUC,67.0
0KTAT,199.0
EFH52,85.0
SVGB8,53.0
Y1V2Z,78.0
FS5NB,62.0
4RPAU,146.0
LVNF6,100.0
CYPSM,135.0
DSO0M,110.0
M3ACR,120.0
5L50R,64.0
NTRRT,82.0
A7LZK,73.0
RU0FN,89.0
F6PFT,74.0
CZ87K,50.0
YQA3V,55.0
QRLCI,60.0
NX1FT,104.0
YVEVU,152.0
QJTED,65.0
SRM83,63.0
RCL70,67.0
G9W6L,30.0
DIFMN,99.0
BBKR1,35.0
U0JSY,129.0
IZSTN,85.0
8E88L,59.0
8Y6GN,43.0
RKVBT,55.0
237ZJ,65.0
IYIJ4,59.0
YZGC0,99.0
SJZGW,200.0
GYY14,200.0
X0WCC,101.0
MT2VJ,164.0
WZBUX,70.0
EFRXO,90.0
JCYGL,163.0
MAIVS,125.0
XRZAJ,49.0
NVORT,65.0
VVORD,70.0
0MJI6,100.0
N2HY5,45.0
BZBGI,155.0
YGOKR,170.0
ITPMU,150.0
VIFI5,89.0
N58DR,66.0
AKEJQ,73.0
727KF,84.0
8VLUJ,139.0
XHNBZ,90.0
S0PGX,111.0
Y34EV,100.0
FZP4L,95.0
ZMP4A,55.0
VOWIY,99.0
IAMA5,149.0
X7I0M,152.0
URP86,68.0
AIJMH,79.0
XA3O1,73.0
I8BXR,63.0
KS4K1,208.0
NRE9B,36.0
NQQZ5,29.0
FSBE0,125.0
LUXQP,72.0
ZZFPV,60.0
BXXS4,122.0
EAPAB,129.0
JSOYD,130.0
BBYRE,30.0
BNXDV,84.0
5S34I,86.0
3XLB7,38.0
1RKHW,142.0
YZ7H7,74.0
SZMVD,52.0
KPHGW,37.0
P0CLW,67.0
DAMSV,99.0
NSE43,5555.0
AILIP,143.0
DVAQ5,110.0
MAQEI,93.0
PK0WF,55.0
FWV5N,130.0
OLO9A,30.0
6U5T0,295.0
9T8KY,145.0
5DYDN,39.0
OGMI8,68.0
CJ08D,55.0
TYHNM,68.0
7WFXL,65.0
3Q27W,145.0
H4I4X,102.0
CZ5HY,60.0
2CRD9,176.0
CRMW9,84.0
F5BHJ,30.0
UJDBB,68.0
P5TLG,30.0
FL4W8,450.0
XEXHT,71.0
S0PXG,80.0
BSO8R,107.0
48XUP,25.0
JIC3L,57.0
UKKYH,208.0
2ECHB,35.0
MTNOV,59.0
VPVX1,69.0
1QMWD,93.0
XBPK3,184.0
YMMIZ,158.0
GD0L2,110.0
RMPMB,74.0
KWPGJ,63.0
OYNWD,339.0
PUD5Z,97.0
PR7XD,110.0
D47GJ,109.0
61DHI,50.0
EZGZM,144.0
1BLQQ,89.0
M1U0O,100.0
RMHFR,113.0
F70IB,52.0
I64PE,250.0
YFL3B,9999.0
9NLZ4,65.0
V4C3F,148.0
HZFOM,68.0
TYUSC,119.0
SGCXB,52.0
83BEJ,40.0
J2YZZ,74.0
ZSO74,999.0
I52OO,75.0
3NXPW,130.0
VY3LK,59.0
YIJSE,113.0
Y7ZJP,89.0
5ZCZC,120.0
VFBGY,92.0
CYDWT,219.0
GVB85,225.0
BSZI3,85.0
4OLRX,317.0
LW6JE,69.0
FQUF5,51.0
KIRAO,76.0
FOJQ8,149.0
CYWAU,58.0
PENXD,50.0
TGD4F,34.0
OHRDA,51.0
9O6I4,118.0
VXQMW,59.0
8FI93,104.0
YGV5S,175.0
OFIVI,46.0
HPJQE,93.0
PTOZE,258.0
1W0JW,122.0
58IMQ,72.0
BDX7X,38.0
XT5QI,114.0
GHM51,65.0
C7GLA,99.0
AMB4Z,153.0
KIUHW,45.0
C0ESZ,70.0
5IXXZ,50.0
B5N5G,65.0
2RFZI,85.0
YKNOS,116.0
8LY2C,92.0
UIU6S,80.0
XPCLM,134.0
CBZFX,74.0
CA0XI,39.0
OISKQ,59.0
RACD0,110.0
MLNXR,46.0
EEXB6,55.0
YOC4F,89.0
O9VS9,110.0
9OCMO,34.0
5YMHR,150.0
QIQKT,79.0
Z8BJK,117.0
JVMVK,60.0
ALOYT,50.0
ZAS8J,43.0
PGM1N,357.0
AXLOM,74.0
CP7JU,85.0
Q1NJS,194.0
5NEHP,79.0
EOQFD,175.0
FLV7P,140.0
AD5JH,258.0
LWCN3,147.0
VQQOC,168.0
TIYLM,30.0
XFVPN,67.0
D2WEN,37.0
6ICVR,99.0
KVZXE,127.0
2X9EV,78.0
U0BSV,147.0
VYXF7,95.0
FPOCN,1000.0
KU2FH,164.0
XGYS5,88.0
6HCQH,49.0
JUBMB,114.0
OJUCB,187.0
PLUSQ,105.0
OY9XN,92.0
ZZXHQ,120.0
YANKV,39.0
VUHOH,135.0
AHQ9I,48.0
LOCWE,119.0
4MSPR,89.0
YNBUM,92.0
2L3L8,96.0
JHALJ,95.0
US1Y0,48.0
DYT2I,82.0
BUFX2,155.0
BCMFA,40.0
ERFUN,80.0
XYO8P,96.0
WIINZ,117.0
G8MIB,44.0
5VGWA,100.0
6WMLI,225.0
GLIE6,276.0
UJCSJ,77.0
D9RR6,151.0
1EMSK,74.0
XTIS6,112.0
FXHUZ,295.0
YK7OM,120.0
XRSJL,57.0
96OYY,145.0
UAPG1,99.0
JZHNV,75.0
PS7EJ,99.0
YYE9I,49.0
CONDE,60.0
GKLZQ,59.0
C1VOO,70.0
VD5QM,190.0
LSHGH,100.0
ETEXG,80.0
NUOYK,171.0
7Q6AC,179.0
ZE6P9,157.0
W7CNE,42.0
NTYKH,125.0
ZR3QV,100.0
RYP2Z,139.0
3Q3F8,150.0
A3YT6,85.0
EY6N9,63.0
SK0HA,75.0
D2TZU,67.0
QXSUD,42.0
DP6YU,70.0
20YJI,98.0
4UONV,90.0
ILMSL,66.0
UFIII,65.0
UJVOP,83.0
Y0AP4,144.0
3LOFP,49.0
6IAQ2,49.0
ROBXA,170.0
I1NFK,188.0
J2WVV,55.0
O0WGR,80.0
WLGAM,225.0
IQV59,35.0
Z7RNP,110.0
Q11DU,152.0
EZR9C,1889.0
XD6KZ,67.0
U20BD,150.0
YLFED,234.0
N3B6M,135.0
EG9AR,38.0
JYPAY,115.0
EY4SN,25.0
REIJ9,50.0
U47O9,75.0
G145U,75.0
RBSJ0,182.0
TQMNF,39.0
WCTXU,74.0
L8Z4X,66.0
SFFJI,194.0
VW26K,90.0
K2SRN,95.0
C9SQ0,67.0
ULCH5,105.0
XGEUW,52.0
IPYY1,55.0
5DO3Z,99.0
PGS1H,55.0
R5M4H,89.0
FNBJR,75.0
EU7KP,90.0
KFOHQ,70.0
VMGTW,39.0
JGBJS,82.0
LLBQL,49.0
BLJX9,90.0
EZUNN,250.0
9FP14,76.0
FZUW4,230.0
CNCBB,74.0
GCJD6,79.0
JUIY6,71.0
4ENLA,295.0
WLB6X,47.0
MGL4T,44.0
R9XBF,39.0
HQHEV,170.0
SA0ZM,77.0
QUUFB,82.0
PPRA3,95.0
IHJ42,229.0
O92RP,55.0
6EHUR,45.0
ZAN7R,150.0
K55HG,158.0
LEEGO,65.0
924JA,160.0
BVCFK,115.0
IQYJH,165.0
LYGZ2,150.0
H7YFQ,112.0
MKZK0,70.0
F71JF,62.0
UL4BH,125.0
1SIY5,71.0
CIQYO,83.0
CNM9D,40.0
IQ1VK,75.0
BEB2B,139.0
KPDAY,230.0
HZZNA,138.0
BUM4N,50.0
ATMJW,173.0
LAEN5,50.0
FVQMO,45.0
RKTMG,157.0
DTGZA,44.0
SPKIE,125.0
7JYXQ,67.0
A1XH2,42.0
HF8YA,75.0
NLGKY,86.0
MK6L0,145.0
DRXIJ,403.0
MDBJ4,96.0
R3Y2T,80.0
MBGXD,50.0
ABHYR,125.0
93D8R,156.0
KL28X,79.0
DVWPM,86.0
1LNCW,239.0
ZKUUS,46.0
BMD0C,155.0
XHJDY,68.0
3AZGV,30.0
INQIF,97.0
69YZF,80.0
RRQFA,121.0
YMIQM,64.0
XSXMZ,235.0
I8O1X,106.0
UO9A3,59.0
ZJZRF,120.0
IAJEF,50.0
R9YG5,83.0
LVAZU,9999.0
RODIX,57.0
JHUYL,120.0
IYMLR,36.0
WW222,48.0
RMCGJ,110.0
AYG0H,49.0
OH2D2,393.0
ZMECM,210.0
IMTVF,110.0
CXDVO,53.0
EPLOX,89.0
UOB5F,246.0
HO7RU,50.0
GIQUN,58.0
VVMNC,98.0
GZOTB,102.0
KBCAD,99.0
8Z7TN,48.0
Q2O5G,80.0
NHHDE,119.0
OYZLH,65.0
74ZLM,60.0
WHK61,55.0
BDKFY,81.0
K6XFW,99.0
JDAZP,59.0
SSD9W,137.0
RBC6D,190.0
JIGYT,79.0
MQL9C,44.0
PIKTG,50.0
YHXGB,30.0
CYERD,55.0
R8MPB,96.0
2PFYG,120.0
UKEQ3,59.0
ZFQJW,69.0
UJA48,99.0
1BU1B,106.0
OFQ8W,111.0
XVXB7,155.0
XCS1Z,110.0
BWUKZ,122.0
KVZ6P,169.0
BJ2RX,110.0
KU65N,120.0
OZS0H,45.0
WNOCH,93.0
54FJZ,92.0
XX55F,67.0
DPWQW,125.0
NFNRW,59.0
EO32Y,146.0
U2NDW,60.0
GJCYK,175.0
B96DS,57.0
SKDL1,75.0
SSLS5,115.0
TCSTJ,140.0
MHLHZ,84.0
52ZTJ,77.0
VFADP,175.0
5ETH7,334.0
QKOAZ,36.0
ZOKNQ,123.0
1V3JA,94.0
UPNU5,95.0
ABCSV,50.0
RPZY1,79.0
TDCQU,56.0
N2X68,151.0
IO7S5,99.0
Q2WV1,99.0
XYUEE,86.0
RHINX,168.0
PAVAW,180.0
TIOJM,195.0
PW7QG,55.0
RQTAM,181.0
9QMC4,110.0
CU4S4,145.0
WIVXQ,85.0
970EX,84.0
DLGYM,85.0
H3ETS,90.0
FHRYG,55.0
FZLZP,79.0
PWPDH,65.0
VOAIF,40.0
OVHAR,304.0
XGN4D,132.0
TKT9J,130.0
7E5WO,65.0
4BD1M,100.0
0IVOE,63.0
0Y31B,77.0
K3MDA,90.0
B2YWG,27.0
VSZ5M,50.0
6BBZH,61.0
XKHTW,225.0
1LTYI,45.0
OW509,80.0
4CIN1,140.0
FN5GC,119.0
XGGJU,65.0
WMTBF,105.0
ITI59,85.0
5XRSV,597.0
ZSHHP,155.0
WOHWV,81.0
RXITE,47.0
QZ5DH,112.0
T9DW5,57.0
A5BOH,35.0
2VD3J,282.0
ADPFE,180.0
LDFPF,72.0
ZNWRI,70.0
XZHAH,52.0
0KTMK,103.0
2IIOD,82.0
ZRUR3,519.0
DNVAE,119.0
PHGZ0,65.0
PSTH6,36.0
1VAM0,130.0
NOE7N,30.0
77VHY,45.0
HV3TD,55.0
BJVZ6,100.0
BNQD0,70.0
NDTOB,66.0
BBZQN,36.0
GLG6C,193.0
NE6JQ,262.0
AA7RY,48.0
NFXSI,59.0
7EMT7,67.0
ASDN3,88.0
NZ2LI,134.0
9INWP,52.0
5NODI,51.0
BF2RO,200.0
GK9AL,70.0
D7QDX,53.0
G0TXK,40.0
HCRIL,79.0
OLXAM,115.0
TXMFS,164.0
KZA7J,67.0
GCJCA,52.0
BOFGO,90.0
N1540,131.0
QQIJX,304.0
XK39I,100.0
HJRUZ,50.0
YDIGK,87.0
B5JFM,42.0
NK07Y,114.0
FYWIJ,51.0
RRZE9,60.0
G23HI,230.0
YNPZQ,68.0
N7QMD,64.0
IFITA,67.0
EQMZP,106.0
F1CK9,104.0
O9482,77.0
LJY2O,89.0
HFYJD,92.0
JXW2D,65.0
NCKCC,127.0
RRHCX,175.0
FWOF6,151.0
ASCEP,80.0
CDKPT,145.0
PBSY3,58.0
8CUCI,79.0
FJTYU,67.0
FU4VH,90.0
7WTFU,290.0
YVFQM,195.0
JS0QG,99.0
WEALY,43.0
ELKCL,65.0
ZJJCE,118.0
UGKGB,180.0
YV7Q5,94.0
YAT3W,148.0
GO5DW,42.0
OEHCS,53.0
OF0DR,60.0
CHSQ5,99.0
2NCP5,88.0
VQYXY,80.0
DFKOO,150.0
68DEL,190.0
JGXRC,63.0
NSOB9,120.0
P6Z8D,160.0
WZLF5,37.0
OEB0P,51.0
AE6NS,95.0
ER7AE,95.0
8OL8N,72.0
1JFK1,72.0
0A69B,345.0
EG8RA,100.0
GOPDI,332.0
QKJ49,143.0
7RIEJ,164.0
ALWUX,99.0
PEBB6,471.0
YK1SQ,100.0
GN7FH,94.0
P8LK6,140.0
FZUST,62.0
V1ADI,110.0
FF5I1,135.0
MIIJC,120.0
SZKJ4,125.0
MYJNY,55.0
JYTRB,68.0
VE9FH,137.0
UEJXA,65.0
H87UZ,317.0
5SSSW,124.0
I1LOX,125.0
84ISM,59.0
8UCXQ,161.0
BQXI9,360.0
NMK3T,49.0
9UQPO,49.0
E0DUV,68.0
GRL7G,65.0
ZSXXR,278.0
6GZMA,45.0
GJNOF,169.0
27XYA,163.0
SZ4L1,128.0
GKIOV,77.0
UDQQS,165.0
VFWJV,100.0
P2TOG,65.0
7MGNB,123.0
WEQBV,153.0
JPJYG,115.0
O0IO5,304.0
HF3S2,27.0
FNCRF,53.0
PMBUZ,114.0
5FJWK,70.0
IMREH,45.0
KVS2T,48.0
D8EU2,75.0
H010B,90.0
S1Z2B,120.0
KYGEY,86.0
QY5IB,67.0
0LXKG,298.0
AV4BU,65.0
UTSP8,65.0
LTT7J,43.0
IWAWJ,50.0
IXI0S,378.0
9CDF7,89.0
4WYC7,75.0
45CU5,104.0
EXKPH,138.0
JSEUZ,49.0
YODFI,87.0
FSBB8,115.0
UN8IB,123.0
DBVRI,55.0
CBTHM,99.0
YUK8P,81.0
31QPF,120.0
4OWQA,57.0
OCOAM,264.0
IZC1K,71.0
RSMJ5,112.0
O51GH,82.0
TRLFK,334.0
I6CUI,162.0
AXEWY,63.0
HLIK1,64.0
GTLAI,51.0
IO379,106.0
PN07Y,110.0
MKLPA,80.0
2RHRR,98.0
PWK9I,40.0
TSX4Z,142.0
VSZAD,88.0
ULOLA,210.0
YRGSX,75.0
D5L8K,23.0
MB2G7,118.0
HKXRA,79.0
LGGYN,188.0
9ZQCQ,100.0
TZPZM,72.0
DG541,114.0
FFSYV,90.0
SUN4Q,61.0
NFEMJ,44.0
EM3PX,74.0
0JDXD,80.0
WXURQ,45.0
CKXBI,45.0
CH9TM,80.0
JHTRA,119.0
4ALA0,68.0
VNO3C,61.0
OCMME,48.0
FCLAB,50.0
L5U8F,129.0
W3F8B,65.0
2DDSY,46.0
TJDXE,81.0
4ORVU,90.0
4WSJL,59.0
33U5Q,60.0
NPDVL,63.0
TJEMI,125.0
H5FCZ,59.0
XNGFH,189.0
SYAOF,125.0
RHCE6,54.0
QRK6V,115.0
DLBHJ,35.0
L6MGY,80.0
ZY5RF,45.0
UIB18,88.0
52ZVA,40.0
8SMDI,127.0
Q1UY0,98.0
69S0W,44.0
CMHH0,75.0
WDU7B,146.0
ZMUQE,80.0
HTLGW,94.0
YOTG1,81.0
FZNFA,75.0
RQRBE,58.0
VJYWV,75.0
6RG2I,95.0
C1D8G,232.0
CDWSK,85.0
W4PUE,73.0
UT5ZK,89.0
U70AV,99.0
LHHKI,105.0
BDAX5,42.0
XIXMC,70.0
YE3CV,120.0
RCU9N,187.0
USJ6U,52.0
JGBEW,36.0
ARVTV,75.0
RBT34,100.0
XQHCG,69.0
Y8Z1F,22.0
33DLE,110.0
HAT4A,61.0
3QFZD,97.0
9E81J,9999.0
SJRKT,60.0
9YJLY,182.0
YR7XR,123.0
YAPZ9,65.0
OORVD,138.0
K5RVF,74.0
8IAAB,72.0
HMSGR,99.0
CK58Z,80.0
NYRRT,75.0
6UZWL,55.0
XZHDF,106.0
WVPSA,89.0
UZTVY,51.0
9Z3EC,64.0
BEOL9,210.0
T46CY,147.0
A2TFR,99.0
KBYGJ,390.0
NMCWT,61.0
I2BYC,226.0
6UFJU,42.0
KSUUF,576.0
V8KKQ,199.0
WORZS,76.0
JGWYY,168.0
K3T9Y,55.0
ZSWAV,50.0
OTU2X,29.0
4DUJY,119.0
3GUAM,149.0
W7DEJ,51.0
Z6HF0,50.0
KE87Q,54.0
XFHCJ,80.0
1OCR5,30.0
NL6JD,37.0
2V1N4,68.0
SIALV,81.0
OO040,100.0
SGFEB,57.0
8SQGW,55.0
IFA4N,69.0
UYMDW,80.0
KFIJZ,92.0
SG4UX,95.0
L7MA9,155.0
LSJX6,27.0
R5CE5,99.0
WTAFF,67.0
H0BTY,80.0
DGCFM,140.0
ILTV4,53.0
L8QGA,125.0
HW8L3,58.0
BQGIL,205.0
LKHBX,115.0
BPYOW,127.0
BA1KK,40.0
OCBC4,125.0
1GWIP,55.0
6BGN5,65.0
EDWYG,37.0
XBG7F,75.0
DVYIP,109.0
PIFQZ,40.0
P79YQ,80.0
9DXDQ,85.0
JVDOG,37.0
S2SWG,39.0
HAE9L,60.0
7EIJS,250.0
R86P9,72.0
ZCTA4,60.0
TV406,49.0
CWDGR,168.0
KA1HM,48.0
RXWVT,97.0
VFWAS,95.0
TSEDV,77.0
FEYQY,70.0
IZPVC,65.0
LDRI9,125.0
66JK4,188.0
VCIML,82.0
QTUVT,125.0
B75W0,152.0
ZQSH1,51.0
PQGYW,114.0
KKMQG,175.0
BPTVR,35.0
3JBLC,199.0
MIUBA,227.0
VJN90,53.0
R70BA,90.0
5IZ2T,84.0
VWRR0,99.0
EOQTX,209.0
OVWEN,67.0
15J7Q,110.0
WPXHL,65.0
PPC78,145.0
UGGM2,110.0
JWOAI,107.0
01JNQ,734.0
DFPZC,95.0
FAWYB,50.0
HOQUS,77.0
7G9SM,61.0
QOSYV,202.0
ZLOEL,29.0
G0OAR,39.0
TIMIB,75.0
RAQBF,60.0
FV1IP,45.0
AL9PE,45.0
WBTWB,50.0
RFP4V,98.0
N7FDR,53.0
LRMYA,92.0
XPNRJ,53.0
ZMZIU,119.0
IM0ZK,90.0
QXME6,118.0
FNSXH,65.0
WVIS8,70.0
ZKTTP,50.0
K58CZ,50.0
3A1HG,183.0
RSQ8B,27.0
39SMC,100.0
O2VVN,258.0
CCBWI,130.0
POLKC,149.0
WGL5V,59.0
DW0HT,75.0
2FXNT,571.0
PWYLL,80.0
I0Y1D,104.0
UHJJU,44.0
GMKPG,188.0
QDXME,66.0
WKLJH,86.0
CP4IJ,150.0
S3NFD,129.0
FZITE,41.0
CXRFL,75.0
Q0BFZ,105.0
22NSM,128.0
RUVKS,72.0
C25T9,129.0
IH3TJ,89.0
CCJU1,60.0
RKEHF,114.0
ZFST5,38.0
LUCLV,134.0
BGPA8,55.0
EEYEX,67.0
E3DYP,103.0
MMEFV,68.0
QXO0Z,81.0
KIINX,105.0
MQ7LE,65.0
V0INB,135.0
CYTPS,49.0
JIIX1,219.0
DOHKT,47.0
6NJ3M,42.0
6UYLR,28.0
Y9FNN,89.0
YGJ3Y,115.0
OZKQI,304.0
UTCFF,185.0
QSYUW,125.0
ROH3S,60.0
MU2NK,57.0
DKLZZ,40.0
NIIEO,196.0
0UURH,90.0
GZJG1,75.0
JBWWT,121.0
OBBUQ,38.0
GVDZQ,158.0
O9D5M,70.0
6ITSB,191.0
DIZFR,290.0
S3WGO,68.0
NZGL0,89.0
MP29A,80.0
AIBXY,72.0
1AMRV,185.0
SC0OP,48.0
GU4WO,89.0
ZPOO2,68.0
1T1RJ,138.0
5BFQY,65.0
2DIDV,69.0
9KL8B,80.0
Z4JZY,61.0
JKUTR,100.0
DGBHY,75.0
TX0NW,177.0
SEEQN,108.0
GKIGY,45.0
N9G6J,79.0
C8TCJ,235.0
6LDZU,90.0
ZMUXG,179.0
RZDGR,49.0
1KWHV,70.0
PEXRW,80.0
3BR4Y,135.0
GLCSY,182.0
1YC9Z,99.0
O3GVL,50.0
FMJFT,73.0
9ZU7J,35.0
VYYX1,57.0
8Q8TM,115.0
KTQKX,48.0
IE012,85.0
AEAR5,43.0
RSWCP,99.0
8QEAX,88.0
TLU0O,51.0
LX4LD,112.0
9MOYU,60.0
ECW4J,76.0
RUF4L,99.0
ZYBX0,125.0
EWAFM,60.0
GAN2M,109.0
W0ZG4,55.0
VQEIV,158.0
P3KTJ,77.0
IEEF6,60.0
DE0J2,194.0
B9ZMZ,90.0
DBACI,50.0
XCRHL,80.0
0X2SZ,65.0
BTPM8,85.0
NQRAS,220.0
72QJP,76.0
ROAFY,75.0
3WVUV,35.0
HGCFH,75.0
B602M,73.0
HREHC,225.0
YQP07,67.0
LRN7C,28.0
LIX1J,122.0
MRSTG,115.0
UFKOT,79.0
EGFNT,308.0
FGESF,104.0
RWNQU,78.0
TPMLZ,79.0
ZM1ZT,60.0
STCSW,59.0
YESNR,60.0
LIHRJ,50.0
RGNWK,70.0
NUHDE,67.0
JK3AK,49.0
QFZKX,81.0
56SCU,49.0
XB0SD,48.0
XAGFW,54.0
7UDKE,100.0
8TBZG,107.0
CBCGM,55.0
M4BWY,26.0
VNYPS,161.0
QFYMY,338.0
7BWFU,176.0
NVQOU,57.0
3JXKN,75.0
IXSLK,109.0
LADQF,193.0
1VJLC,999.0
LEU6T,31.0
346D3,49.0
9M5OT,100.0
L1QMR,35.0
RLLLP,120.0
FT5RP,46.0
UYDYK,125.0
4DYDE,146.0
FW3FJ,99.0
EVQ8S,66.0
LAQAA,119.0
TSCGY,140.0
LDWJC,110.0
RCBWF,145.0
3UNP2,79.0
MCLZN,134.0
7XLES,270.0
VGN59,45.0
ALRGW,49.0
9MN1I,67.0
AFUBS,75.0
7IGW2,140.0
LBTJL,117.0
BQ3EM,138.0
K3JSO,48.0
CIBTJ,73.0
OG8KD,55.0
D5AR7,50.0
1V5IH,129.0
TZ6U3,87.0
VTTYM,84.0
WSHF9,89.0
XYMHG,250.0
IKZKH,71.0
BKRF7,100.0
8FZRN,112.0
OETRD,132.0
W1RYY,96.0
PXBJ3,125.0
MNBS8,85.0
LHULN,110.0
BIHQL,88.0
2B2AN,37.0
NOSVU,68.0
VULN4,95.0
AOHVP,44.0
U9ZWK,95.0
X9JFD,97.0
RXUNA,114.0
R8ALY,38.0
IROEY,51.0
XKUBA,114.0
SMOUD,89.0
BYEXY,55.0
K2MLO,456.0
VQPXR,101.0
PHOD3,60.0
7XKQO,110.0
MSG3K,66.0
JAJRM,99.0
KBEUD,78.0
A5YUQ,95.0
JKD2L,131.0
ZYN40,95.0
XYGZM,70.0
LSBU0,250.0
YKLHU,65.0
X1MSF,182.0
KBDIO,55.0
8XTNC,162.0
HHGLY,93.0
UCW0E,111.0
ORBB5,88.0
ZCIQC,99.0
0FOQT,110.0
DXMAG,99.0
4C25E,110.0
Y0QKN,131.0
QKY6M,107.0
PKLDS,75.0
KE8MZ,80.0
XB6YZ,90.0
48JKQ,47.0
UWDAV,249.0
M8VUV,44.0
IISYT,65.0
KJ6PV,150.0
DB6TZ,70.0
MRRAR,295.0
GCLNL,120.0
LUFNM,42.0
EVCCO,119.0
8P0VY,85.0
RPZTN,199.0
WFAY1,10.0
DC8DT,69.0
8FBTK,55.0
0B1HT,41.0
UAXWY,284.0
9KRB6,65.0
351RD,95.0
4R84P,73.0
UJBUX,85.0
RJ1XY,100.0
6SL6G,66.0
RGNCU,53.0
FWYCT,55.0
MZG9T,146.0
QTAOE,54.0
ZKPPS,64.0
VBBXP,177.0
BIIVV,99.0
GWBN0,67.0
FDBWK,44.0
5NBQO,43.0
CV6SG,99.0
MRAKM,55.0
2NWNS,279.0
RTZ4T,59.0
XMKW7,249.0
VLML2,53.0
1NJJQ,81.0
IV8RZ,44.0
UMPIQ,190.0
TOTWA,63.0
WQNPV,10.0
NJH5Q,138.0
D7Z4K,78.0
3FQFN,174.0
7F8IG,152.0
OBYD0,182.0
TPA0F,48.0
IX9VE,104.0
HDTYU,100.0
0EKPM,44.0
AFEXL,585.0
UYNLG,386.0
O2LEO,44.0
X8NWO,68.0
JUTPW,153.0
AMJET,193.0
IOUX4,155.0
J0ANK,80.0
BUEAX,207.0
PASOS,246.0
SKZ0A,85.0
NH8ZD,46.0
BYGJ9,88.0
QLCGP,66.0
BHD0A,60.0
6NKAD,149.0
YWXOO,199.0
WS9GQ,100.0
CKGIO,52.0
TXEHJ,99.0
VUCJY,64.0
GYCZP,66.0
XSU09,49.0
LXCD7,55.0
SXV1G,115.0
CX8NH,79.0
ZPSEJ,262.0
RJ1UP,54.0
O4I8H,65.0
UQS0I,48.0
JBYS3,90.0
FCX65,59.0
ZCPY4,125.0
AFFBJ,81.0
PMYH2,114.0
2AILD,94.0
IPMSL,59.0
6O5RE,99.0
O7CO7,175.0
EKANT,120.0
8RVNY,25.0
PHVQG,235.0
ACC9M,292.0
6E8BR,45.0
VHHUA,77.0
NFHLE,97.0
7J2LD,135.0
IVA48,246.0
XOPEF,75.0
RNV2S,44.0
E5TJK,80.0
TPKM5,116.0
F3SZ6,45.0
MRVRO,68.0
RIBHY,35.0
CPKRW,169.0
4CZ89,54.0
REHUU,160.0
USWLB,110.0
SGRGK,37.0
SJHLJ,100.0
ORKSE,134.0
IELBI,38.0
YXNPN,43.0
NQHDO,44.0
6ODCB,126.0
NRBGC,250.0
MKEDI,60.0
YNLVS,110.0
VXVYY,99.0
PE6RM,133.0
HX4PX,240.0
JW2QI,250.0
9YEDR,86.0
VO3RW,114.0
MKHDT,139.0
ZXMKY,219.0
4DIRE,90.0
MUN6R,49.0
ZRGFA,128.0
17RRL,187.0
QXBEF,45.0
8HSZA,50.0
QJ9XG,82.0
MG067,47.0
U8KX8,70.0
SJL4O,99.0
NMPK3,45.0
S9D42,128.0
Q7TLS,145.0
7LBQN,72.0
TIEQE,132.0
SEUQA,188.0
D0QNG,141.0
TRMUG,69.0
NESEB,66.0
RDF9J,49.0
JEDWA,100.0
ANOPL,45.0
HKEJU,75.0
ZDET2,25.0
WXEZF,200.0
4GWX8,85.0
IUCYT,58.0
V6NJN,150.0
4WNCG,105.0
XL8RA,37.0
ID5JD,98.0
7FOMB,38.0
Y80C3,80.0
1OJHQ,135.0
SCQXX,157.0
WPFZ1,120.0
WWPNV,74.0
UQPWB,98.0
IK0VW,108.0
ZLLUI,39.0
2TFBL,105.0
KXI8F,123.0
T4GUV,130.0
GTICH,112.0
1QCBY,39.0
FL7PG,45.0
YWPDJ,35.0
DK2IZ,45.0
F3NVO,70.0
BZOSK,156.0
ED9KK,163.0
CK2I3,119.0
GZGSA,63.0
IETXT,130.0
IHGZJ,95.0
SEVHJ,183.0
QWURW,157.0
QXK2W,200.0
TCQEY,55.0
9DOZK,50.0
0VUD7,130.0
9OWGE,209.0
ZAINL,64.0
MLJOK,240.0
MTADW,258.0
9QDKH,67.0
O3IJS,75.0
ADB7Y,25.0
LWSEB,37.0
RLGFF,42.0
EY5EG,108.0
H2LJM,48.0
AUWXX,223.0
WNAWM,43.0
SH94T,100.0
MWD5I,187.0
GCQRD,42.0
XCDPY,164.0
7K6AH,45.0
0KSBM,29.0
6NOBC,45.0
BASDK,68.0
HSZNO,65.0
HMGUH,50.0
XJ1QG,46.0
FHHSD,55.0
XIRVH,186.0
QFMSO,134.0
YQTAG,94.0
QGHJW,52.0
8XRSU,89.0
KSYAT,75.0
U3Z9T,110.0
SJTPM,48.0
4NYSB,62.0
TW623,110.0
VDGX1,75.0
VZY9N,47.0
ZJCBA,47.0
CLFEI,55.0
R8JIH,29.0
F8SSV,131.0
Y0ZP7,336.0
7FYXV,56.0
OD7YZ,141.0
BULAE,109.0
90UFF,105.0
DPZCS,9999.0
BWQGC,37.0
XBFQK,181.0
SN4CN,60.0
XTFV6,85.0
UEPD9,9999.0
7C30U,74.0
A7SFC,55.0
UFZMM,55.0
T1N6X,66.0
0Z3K3,50.0
VZFRT,71.0
GDCAK,68.0
S94CI,48.0
FTORS,110.0
KGBF5,97.0
UUMBS,88.0
YDBFT,108.0
QID4V,136.0
MESC1,60.0
EWWVR,55.0
927Y3,65.0
LFGUB,75.0
Y0AUW,145.0
N0GSE,65.0
ZJIBC,55.0
9MUGK,79.0
NYI9J,60.0
IMSDL,150.0
TFYGP,172.0
OAVDG,59.0
TSWAX,173.0
DXUGW,95.0
ZRD7R,73.0
16UYQ,143.0
FGHHK,191.0
CHCWA,50.0
3ZBXG,100.0
KVLYI,100.0
BJLUU,88.0
D2OKD,115.0
LKEZZ,110.0
AUBD9,98.0
4FMVU,35.0
9VJWG,82.0
J2UFJ,89.0
WFCA3,59.0
0MPUB,60.0
QBOLA,155.0
BO1MB,110.0
VDQKQ,90.0
HAHHA,230.0
6NM21,67.0
J1UAA,80.0
UEGAT,39.0
NS2OK,55.0
GUOIK,100.0
IEYPL,59.0
FMNQX,167.0
RPDOH,245.0
HWPZ5,83.0
AJ9BE,232.0
IOC7J,126.0
LIVFK,55.0
RO4GH,112.0
XCF2O,95.0
SIC5F,128.0
38UR3,47.0
WPTYI,40.0
C5YZX,100.0
8IWDY,93.0
XYR6S,158.0
YJGZS,27.0
WMEHR,85.0
6R4KZ,184.0
33CN8,95.0
AHEJ6,62.0
YIGPU,90.0
9AMNW,304.0
T4PYR,200.0
XNDLP,250.0
23OJU,1018.0
XRPCS,153.0
HU1B1,27.0
WTTUC,36.0
DSFYS,140.0
ILJT6,70.0
HM40M,93.0
X1MYH,304.0
TUJE8,60.0
F52QJ,130.0
Y23Y1,75.0
2ANRR,52.0
RM8OI,46.0
Z8L3L,67.0
CTX0Z,999.0
DLMOY,62.0
SRRYH,214.0
BXAOW,55.0
NK6DA,85.0
Q2GUC,53.0
JBCMC,113.0
IJYZG,58.0
QCGPL,62.0
3KGPQ,48.0
QMR0I,125.0
TA24C,315.0
FUUNH,450.0
PLMQQ,59.0
TQM4T,52.0
DLCOH,39.0
7I0TK,58.0
EKQTF,90.0
EZYK5,135.0
7CFYF,35.0
WD9LK,49.0
YGT2J,77.0
AHRLK,75.0
Y5WB5,47.0
TKY50,62.0
4BMSQ,70.0
KEKG1,45.0
0ORXE,69.0
7PAAB,27.0
RXN9H,159.0
ORVWU,143.0
QGD39,94.0
QBU54,89.0
A7LAW,80.0
ZNUEV,106.0
ASAYG,116.0
VCPIM,79.0
GJAPF,48.0
MHNNK,79.0
WAL9C,52.0
941KX,74.0
LJX6Y,44.0
WTR5G,91.0
HA0PA,136.0
KFSRI,48.0
ZNWPW,65.0
KY5MD,125.0
XNXCH,50.0
H0CEM,139.0
CWST2,81.0
GPIFH,252.0
SWGEI,60.0
UA7VK,178.0
WTG4M,80.0
KVNZA,98.0
R2I7Z,138.0
8VGSN,39.0
VGQRC,65.0
STVCB,198.0
HOU1Q,86.0
JGAGF,86.0
YGUSE,146.0
BWPH2,66.0
UCVSW,159.0
NIAB7,70.0
L3QX6,49.0
C9KN2,180.0
XX4NZ,75.0
D9XDP,158.0
GDRJZ,94.0
ZQMKH,70.0
HWPJS,225.0
XHTYG,65.0
ELQ5R,120.0
FQZBX,50.0
BEW0P,268.0
NWE64,425.0
JZMDF,69.0
UKQUU,178.0
6LINI,40.0
Q72J2,123.0
QD7RR,83.0
DDN0J,68.0
YEWKG,65.0
RSMAI,55.0
5KNYP,95.0
PCILY,110.0
KLTEZ,61.0
9GH1C,145.0
P88TW,101.0
PUKAO,80.0
AJXEO,60.0
IARRM,60.0
HAQQI,130.0
OQ26N,78.0
6JWHQ,48.0
YQ1BT,94.0
DQQFL,110.0
4Y7ZT,47.0
ASREZ,160.0
DLMW2,93.0
D4D8L,105.0
6WOPA,84.0
3HHAO,40.0
Y0X0I,65.0
CLULT,55.0
L64Y6,117.0
C4OH9,117.0
OIVWP,9999.0
KSDG0,220.0
AUOKY,10.0
3BMCV,53.0
Z332W,79.0
LONF9,36.0
ZUMCU,50.0
AQTTI,196.0
8UFD3,257.0
0RHUY,50.0
23BZG,119.0
MJFE4,239.0
6DBI2,60.0
WGWJL,23.0
4GMDL,100.0
FWB8C,130.0
Y5LHU,73.0
ZUKP3,160.0
6BP5H,60.0
BQ3SG,75.0
OEJZF,87.0
C6VCL,99.0
VUNRR,67.0
9LXVR,50.0
BLEQW,99.0
COKYX,182.0
G71EU,160.0
FF86U,59.0
CMVSD,55.0
DXPYT,72.0
CRDSM,99.0
CADX6,126.0
IXXPV,149.0
FCVSX,68.0
GDBLH,65.0
U6CO5,61.0
6YX2L,110.0
3PS5V,98.0
S0CSQ,30.0
5XXHH,163.0
TT8WE,110.0
L99BN,93.0
WC1VD,232.0
V5LRT,110.0
CJBE8,98.0
OEL4V,55.0
G1UID,98.0
DENHE,60.0
HZWQM,187.0
6RRJN,55.0
M4NLF,128.0
OYRJC,71.0
DDI6K,60.0
FB5DY,60.0
JN5CM,99.0
XTHD7,114.0
1MLD4,65.0
TCG7M,85.0
YZAGR,169.0
CRHXR,52.0
BFDGX,43.0
Z3SKY,35.0
XHZUT,95.0
MWKPK,60.0
TAXZV,58.0
BUJHH,50.0
2EFUZ,72.0
CWPNI,100.0
DXGKF,168.0
M5XQG,99.0
B2ZPX,66.0
ZL4FA,38.0
ALX84,65.0
WTQDG,99.0
EFS2B,88.0
EYEBX,258.0
SDDKH,99.0
PE64C,70.0
Y5RZU,68.0
ZFIMD,57.0
SZHCX,58.0
SGFN6,60.0
TFCMS,85.0
DQ5GF,35.0
YWGKW,198.0
JFKXV,90.0
UZ9NT,68.0
MUJHK,57.0
VPRMH,218.0
QMX5J,110.0
LVVHO,105.0
INLDE,214.0
7XYYO,101.0
6DPPO,120.0
CNLXL,150.0
Y33OP,65.0
JO13P,200.0
ZTWB1,38.0
W3Y8L,75.0
VJDIV,78.0
YSIK3,69.0
XG7NK,99.0
JMQP3,70.0
CXCVY,283.0
PDRHR,76.0
BE2Y4,62.0
FXWFI,73.0
7GBPX,40.0
YKLMT,103.0
DOI37,90.0
S6MF8,129.0
QTUFB,122.0
ZQ6XA,38.0
R458Z,258.0
3OUZL,75.0
AE3XR,246.0
QAOG9,94.0
YVXDJ,81.0
M2RSC,250.0
DXPAM,70.0
GBXAJ,45.0
WO5RT,106.0
FXPTT,75.0
5T4DG,149.0
MULNF,43.0
PBDBG,103.0
MUTAC,135.0
8AP2U,35.0
O4ILA,80.0
JP3D9,348.0
HW8VR,125.0
J1G1E,75.0
H8MFX,164.0
ORCMI,59.0
YLTIZ,217.0
QOKWD,111.0
8MZY5,36.0
8IYYL,70.0
IJSFT,43.0
QX2RS,120.0
GBTUT,76.0
5CECO,85.0
OSMU1,82.0
STDPG,150.0
ME4AQ,108.0
REBBE,100.0
REARN,100.0
1LA3T,234.0
9VM8Z,65.0
EQIN7,82.0
YTQXX,103.0
F6LZK,70.0
Z4NEL,68.0
3VABY,50.0
MT6QI,53.0
ZESH8,51.0
AZZWH,115.0
S0WUO,125.0
CZOAL,150.0
TEKUG,150.0
VU8R2,94.0
8WCAV,91.0
5E1QW,76.0
RIM8V,96.0
CTYJ1,76.0
K4NSI,103.0
B1IAJ,44.0
2RKAA,89.0
GKOBC,122.0
KBK3S,53.0
ZSVMT,55.0
DLQHQ,150.0
MUJLZ,120.0
KYQCG,315.0
DWVER,85.0
EW6HE,39.0
APAGK,168.0
RSY9W,43.0
CL4G7,60.0
L2CMG,123.0
DQUSR,25.0
FADQA,150.0
C8PLE,63.0
LHXR6,88.0
LQOSG,58.0
3R9W7,428.0
FCOLC,126.0
1FHYA,59.0
66WJS,117.0
O7U4L,143.0
WLEDT,98.0
NUOBN,999.0
C9NDL,79.0
1PKI9,81.0
XEKIR,155.0
D3DFX,80.0
GOJXT,76.0
6YPIN,110.0
PHUA2,130.0
UKJCO,172.0
MPDTG,99.0
TFUCZ,325.0
YJAQV,49.0
NMPWD,87.0
BRLSN,118.0
9PUHD,85.0
YFPX1,130.0
VS3T3,60.0
NXWAD,130.0
HSWXD,80.0
AFAUS,99.0
U1R96,109.0
YHVXV,60.0
52EQV,115.0
KJ4CL,97.0
MKRHQ,95.0
OTQDE,63.0
DQCDT,94.0
ZOFTO,121.0
9MASB,71.0
HURIZ,81.0
YF0VF,129.0
F4CHK,317.0
LQB82,96.0
UO09O,97.0
7BRSD,98.0
D7SFO,53.0
4YGSS,60.0
E8C2I,110.0
VQA6K,40.0
RTFKV,51.0
ERGAQ,176.0
LJWID,55.0
IQYB8,53.0
UKMVQ,60.0
XEXFT,100.0
VTDID,59.0
EBOHU,115.0
EWDOW,99.0
VNTID,78.0
UC48S,104.0
EWKOB,220.0
WEPHE,57.0
RMOIY,99.0
ZZ11P,138.0
6JGGI,53.0
DCSV8,50.0
RJQJZ,37.0
YSTEQ,57.0
NVS83,32.0
KIQMC,115.0
H82KV,61.0
1VAYZ,39.0
2ZZ6R,178.0
NVVVM,30.0
7APRS,250.0
4LWQW,75.0
BMOWK,80.0
4NUEM,90.0
3WPSW,226.0
0T6J7,170.0
65HFE,49.0
GZMLV,89.0
YHLLK,55.0
VXFJQ,48.0
JZJKR,84.0
CMTAC,80.0
P6CJF,40.0
VMDV0,99.0
NCBIC,36.0
GDNQO,55.0
7NL6T,53.0
ZSS4C,241.0
67YDB,75.0
ZX520,190.0
QZIUZ,110.0
KRBT2,55.0
M8K4E,29.0
BALQM,246.0
A30P4,60.0
XGM0R,65.0
3FXKQ,139.0
GUHSL,200.0
MS5PU,37.0
4SBSG,122.0
MLQJP,25.0
WNRL8,86.0
8VHCY,189.0
PYFIM,98.0
ZA3GX,122.0
HFOZF,52.0
KS5HB,37.0
SDSEU,69.0
MVUG6,66.0
P0BYQ,69.0
5M2IH,95.0
0TWMO,175.0
21GUY,65.0
ADPBE,27.0
TJJVB,132.0
6JZIU,75.0
LIEVV,36.0
WAIBM,70.0
RTA7O,70.0
LOUT8,10.0
LR8HG,149.0
4URMM,175.0
ND38N,25.0
CI1WL,95.0
SOEJQ,88.0
VNS4N,65.0
8HBME,169.0
CODYG,239.0
IZVQO,76.0
UJXPH,132.0
QEDCX,195.0
GZJ5M,110.0
7H4YM,99.0
OKPVI,51.0
E5FFO,75.0
LTOZ2,52.0
NK3ZS,213.0
K4W9T,80.0
BENNZ,128.0
9KFQB,115.0
FQJAX,64.0
A8GOZ,60.0
MHC7W,29.0
C9YHD,128.0
5E4KO,100.0
9NI7T,194.0
GPBVP,145.0
VS0EH,95.0
SCJAX,244.0
4GEGJ,69.0
ANAPQ,127.0
8FEM1,75.0
EOKIX,72.0
VYCEL,160.0
PEOJW,63.0
KQSB3,84.0
AMUVG,58.0
7SPC0,100.0
4LSKN,155.0
SLSX3,150.0
QE9OZ,89.0
NQQPP,75.0
DUEEE,200.0
XP1YY,60.0
FOPNY,158.0
4XDEL,180.0
BSQGD,125.0
BACVG,39.0
MWIRD,125.0
FJQAN,95.0
CYTWO,75.0
GIF14,130.0
FHUM2,65.0
DSSMV,275.0
CZZSZ,27.0
MTZZK,190.0
CDSN6,55.0
FAXMR,193.0
DHXTO,51.0
TO1WJ,115.0
ST7EH,49.0
SNQIJ,80.0
WIE1P,62.0
WN7Q0,161.0
I13X1,78.0
JTYGE,89.0
T99PG,85.0
0FGMA,83.0
X3MXK,57.0
ZQWZO,80.0
6ZSCE,90.0
T8QYY,40.0
PXVY7,37.0
OGZLP,80.0
YJBH8,67.0
IB1BB,90.0
ZE7HJ,170.0
STTVX,225.0
MUV8W,65.0
PPT8H,63.0
K76TO,139.0
YP113,165.0
DBTGT,158.0
TV9XC,80.0
UMJGK,110.0
MZ0MG,113.0
LCSFD,88.0
N5C29,49.0
ZHJMF,208.0
GTFBZ,102.0
UXBIU,55.0
09NXE,87.0
PUV8L,110.0
WKSGO,104.0
I31OV,55.0
2QQWD,250.0
RVK2W,203.0
PIOXG,102.0
6JP9B,206.0
BDIBA,130.0
ZWKQD,48.0
DRGKW,169.0
IGYZG,49.0
I3I1Y,130.0
TZFJR,89.0
K4RTR,60.0
ZDIGV,88.0
A16O8,55.0
RWEVM,49.0
L2HDY,190.0
ROVJ0,262.0
9INVO,115.0
JPWQR,168.0
SWEJ1,60.0
RO16D,76.0
2MX6T,90.0
IKANB,119.0
BMK3R,171.0
9FHA9,82.0
R6ZAW,120.0
ILCM5,95.0
ZBXFG,100.0
SHC1L,44.0
IV36J,50.0
8H2UI,67.0
FEWIM,45.0
RBUKA,45.0
9IVF8,89.0
3FUBR,100.0
JFXYQ,74.0
IEJNV,87.0
EQSQN,186.0
EAICB,59.0
ACPWB,80.0
XL613,155.0
N0RO8,98.0
CQMCF,118.0
8MZSS,70.0
UCQPX,90.0
5ARKC,105.0
M7TKC,78.0
9MEJY,80.0
ULDE4,159.0
LC3SG,59.0
GPORH,59.0
NWYA5,158.0
3PNXU,215.0
DATZN,112.0
OHEBH,99.0
CISWD,112.0
NQ7L4,165.0
NEP3S,40.0
RXPPJ,68.0
ZYJQ1,50.0
ZMKMP,135.0
TF3EM,185.0
OTKG8,108.0
YXBPI,66.0
WSLHG,1000.0
6ITLT,135.0
E6KGI,109.0
INI56,41.0
0ZPT5,59.0
7ZIQS,199.0
ZEU2T,75.0
AZKAX,100.0
XWLID,136.0
C2YNK,110.0
UQZNG,9999.0
A7KLS,99.0
GPZSY,60.0
0PHTQ,46.0
H7ONL,95.0
KV1XN,158.0
NUA9W,110.0
P3HTI,103.0
XV7PA,55.0
OHEA2,34.0
EBFBU,259.0
IUEFD,80.0
KTKVI,123.0
IMNUJ,73.0
3ASLL,145.0
LQCXZ,67.0
OG359,70.0
JP3VB,69.0
W5XLZ,143.0
EMMVV,71.0
8T9OZ,25.0
FRV8X,72.0
ERLFB,110.0
ULH02,199.0
GI7PZ,18.0
CIKR2,89.0
DUX4B,59.0
QABRE,111.0
9Y2O8,99.0
XEGNT,80.0
U0YMO,175.0
2YMFX,80.0
QLHBE,50.0
NFJJA,49.0
QBXOM,99.0
MY6OJ,45.0
TL1DX,123.0
8M6QQ,110.0
SOOMM,44.0
E0Q89,99.0
DGSXS,75.0
U7NXE,105.0
0ONHG,139.0
GJRT3,184.0
SUFBT,219.0
9QUSP,65.0
IUQ2P,76.0
BAWHA,25.0
CVL9A,564.0
ZODRU,87.0
BGVNF,43.0
CVRIU,60.0
DSZU2,115.0
OSHHC,126.0
CMJXC,60.0
CETZO,87.0
1K3QF,27.0
4UXYC,148.0
BR0EZ,84.0
CLUDQ,183.0
4CVPS,90.0
K6JQ9,55.0
NY3D3,84.0
ATZXI,100.0
84LA4,50.0
KFBQW,125.0
HPQF7,132.0
A5G1Y,45.0
IDJNA,135.0
WF4JE,249.0
VDU8S,117.0
NEGH0,59.0
XHUU1,59.0
WFJY0,40.0
HMM7D,60.0
DITUQ,119.0
W10R1,79.0
ZFAZH,99.0
X6SHQ,68.0
SS24V,45.0
P5KBC,100.0
QRWTE,99.0
8AGJZ,120.0
S2AFN,125.0
8ISVN,105.0
DHPXP,51.0
19DXV,81.0
OOQLA,180.0
H4SRY,157.0
C1BWV,38.0
G1HJR,87.0
WRVCX,40.0
FKMJX,124.0
RR4A3,40.0
UFXKT,133.0
Y2TQQ,32.0
Y0FSG,115.0
09P9C,48.0
O3CS0,44.0
VUEUI,9999.0
Z9X0C,100.0
4GNCP,201.0
LUS1B,75.0
ZPTZD,130.0
LTPYX,585.0
19TCH,159.0
SRAEV,70.0
9D7VB,41.0
VAYJR,250.0
ENAMF,99.0
L7NIN,131.0
CN8TT,140.0
YGERV,98.0
LGWYV,122.0
LZ50K,43.0
ABQ6Y,70.0
BHEXT,55.0
VWGDP,55.0
G8SFJ,64.0
HQZYK,99.0
T29KD,168.0
OYUAX,348.0
LEDAG,69.0
EKHIF,95.0
JUZXU,127.0
ZJQAD,386.0
TXSRK,62.0
17CQU,122.0
IK7M1,91.0
RF39H,246.0
KV7OL,30.0
KMURH,49.0
HCLSO,125.0
0GR8E,82.0
0KRQB,157.0
8I12K,54.0
QFMI3,59.0
1T4NZ,36.0
2F7TA,156.0
YFOAA,200.0
7M1V6,264.0
CZSFB,38.0
B7N8R,118.0
RBVAY,36.0
T7SDJ,95.0
D9EOI,53.0
7QRCA,144.0
BQNYZ,112.0
8VAPP,128.0
96OEI,182.0
DXTWN,76.0
CTFRD,30.0
H52W4,55.0
RS8SG,75.0
RFOY2,66.0
Q7QBP,70.0
OPPF6,60.0
TATMD,38.0
TP6PK,120.0
8ED9B,110.0
PKQO2,80.0
5HTRC,45.0
LWHOA,40.0
L4VUC,99.0
TGKTV,85.0
DCH5F,85.0
ECCLE,41.0
SHXYT,130.0
FB3FI,95.0
5VRDR,110.0
WARG4,139.0
TRSPA,80.0
CZBVZ,211.0
URDBM,247.0
GMKTN,46.0
F1MG1,90.0
UUBVF,40.0
Y9AYG,72.0
ANLKE,65.0
DLKS9,90.0
BSFTL,270.0
WPLXX,48.0
K47XV,75.0
PVJMK,60.0
MRQIJ,119.0
AM0GH,49.0
Z20IN,70.0
UWCRB,145.0
STHT8,175.0
L8BOV,44.0
KYIBE,63.0
VKRIN,76.0
SS1QF,59.0
A0NVP,81.0
VQBEA,44.0
WXPP7,109.0
Z4IDS,114.0
NRANF,60.0
3YYGX,40.0
GBGWS,70.0
JZ66I,198.0
HXYNO,97.0
GB8FH,75.0
7LFCX,65.0
EDI1D,145.0
TMHLJ,68.0
LQBEG,90.0
0QM6V,85.0
50GFI,39.0
LC7U7,76.0
ITCXE,99.0
XWMZR,39.0
1UOSW,45.0
WJM2W,125.0
L6XGE,90.0
B0WSW,65.0
DLDBV,150.0
JEILQ,90.0
OTUJG,45.0
DQ06M,41.0
PMW7Z,218.0
77QGL,92.0
24K6L,59.0
KHEEW,87.0
OXBKG,62.0
SSNH4,51.0
PM77L,40.0
MGGZT,206.0
76LQL,196.0
W3UOR,65.0
RM15T,48.0
ZHWIB,177.0
DZWHG,49.0
KGLVJ,85.0
TNKMW,180.0
ZRJNA,190.0
RNT4M,89.0
ACMVR,250.0
24MMM,72.0
S3BQG,79.0
RW8AQ,94.0
NCLC9,41.0
CQS3E,89.0
EYOIE,74.0
WPSWB,130.0
CO0JY,39.0
RLNZA,127.0
JR4XA,226.0
AOGBG,68.0
D9ZTS,125.0
PX7WH,225.0
ZESHU,85.0
56OBM,62.0
8JL4D,66.0
8DXZ3,60.0
9RNOG,75.0
N8RZD,72.0
GQQM1,55.0
DFPCE,80.0
92ZDA,30.0
2DLDY,282.0
9RVIJ,60.0
HDO6P,43.0
4B3CS,77.0
NFESL,85.0
NPBS8,117.0
4IGX9,130.0
2AM1S,145.0
AVCK5,150.0
FP6GU,75.0
OZMK6,57.0
7KBQG,105.0
OCLYM,58.0
DRNLV,79.0
1IB4B,50.0
PRUPE,65.0
R1W63,70.0
QCLL7,45.0
KNJS4,165.0
CVGS3,40.0
RNISI,55.0
YQITS,75.0
0HCHJ,190.0
3RIBT,55.0
ADKLO,172.0
8KPSJ,81.0
XD351,595.0
KXKNW,89.0
DAGYN,67.0
1ISCU,99.0
XNCAK,103.0
KDYA7,415.0
UPZJB,101.0
JTCBG,9999.0
VEZ05,59.0
PL694,86.0
9Z7TI,116.0
1JEYH,110.0
JAGZW,60.0
IPYXX,65.0
IKXTG,65.0
G5NMR,180.0
40JA7,110.0
JGWBA,225.0
JXKN9,60.0
2TPXM,54.0
SSWMX,65.0
FRSCT,89.0
5AMED,235.0
CVJGY,52.0
G4H62,60.0
FNIU9,73.0
WHAYR,72.0
KWCR9,135.0
4WL20,232.0
00QAV,104.0
CI5J6,105.0
QASXY,105.0
PUJAN,47.0
IQXZK,50.0
BK17U,51.0
CGCNC,154.0
YTIGD,39.0
FRJ2W,89.0
G9FLZ,39.0
PV0NR,78.0
JCIW6,90.0
8U2WP,100.0
NTYTP,162.0
25LOP,48.0
7CC6S,80.0
OPZQ6,70.0
SN21F,70.0
GTMNQ,135.0
JHRS7,76.0
WWNG5,322.0
5YEBO,156.0
9RUGW,63.0
KVTBV,48.0
WYLFI,150.0
NCRSZ,67.0
Q9RVP,67.0
EDTAX,60.0
4GKRF,40.0
8OVHY,38.0
CNFHK,299.0
FPO7N,79.0
EXRDR,45.0
MZD88,119.0
CO0PU,78.0
N7E9T,150.0
05NU0,30.0
EKPAL,75.0
7IR60,60.0
THXCF,42.0
OJNEY,45.0
4KAZS,65.0
LYBQQ,155.0
66IR3,82.0
4LPDY,52.0
0HDRV,99.0
B3DMW,30.0
ES073,59.0
ZUWGP,66.0
MZGZF,180.0
OPL1P,55.0
VYV2X,64.0
EFRZD,36.0
SRCL7,182.0
INV5E,68.0
2AVD9,117.0
BKGHF,61.0
XNFSI,67.0
QHBWG,76.0
MYYUQ,50.0
6DJ5W,44.0
ZPBE3,84.0
X7CSH,102.0
0R2BT,163.0
QKJRP,60.0
G6MJJ,66.0
BFJGU,75.0
ZVSNS,102.0
SXYCV,60.0
RKEGG,51.0
L0CXY,46.0
PGADH,265.0
OFTSE,60.0
CZLCW,63.0
UK2XT,90.0
WOCBF,99.0
CZLTV,126.0
KBUZ4,519.0
DARQF,55.0
DUTMT,100.0
4VQSR,199.0
VLWCG,315.0
8JBX8,35.0
MRCXF,58.0
T4GJZ,250.0
72R61,125.0
HPNKX,600.0
EOQYU,171.0
RHFES,48.0
ZBCQX,225.0
HWCJQ,120.0
YML9F,139.0
XIBXG,128.0
UAS4T,95.0
ITRJX,53.0
TIZLV,78.0
M97YF,81.0
PJNFV,18.0
K5KE4,150.0
U3J3T,90.0
38OXH,195.0
O8IV5,99.0
P4VYC,68.0
ZFC9O,58.0
7QR1H,74.0
UXHFW,106.0
ZPF0O,58.0
K0NOA,161.0
YHJET,129.0
S2XRK,64.0
XJTW9,60.0
CHQWQ,63.0
XFS2N,45.0
KUXTO,53.0
CEZRS,62.0
YPOPR,206.0
KO3MN,55.0
JN364,66.0
KBNHU,119.0
7GP8L,30.0
YMBCW,50.0
EUAPM,175.0
4HKPO,115.0
BCAC8,122.0
T2WTJ,38.0
VTJAK,60.0
RBOQG,65.0
WGO4P,110.0
BBSGV,91.0
J70MG,103.0
L9VCF,99.0
4MXKL,123.0
MIZ6N,304.0
POIUI,39.0
MI7BM,114.0
B0OFR,79.0
XN5TU,90.0
K6P5M,110.0
P6OYD,82.0
0JVRB,100.0
BSPUM,55.0
XVPJ4,67.0
YP8IS,55.0
GRGUR,48.0
FO4QO,99.0
XSYND,68.0
AX90K,115.0
ELXGV,58.0
IIOAU,49.0
OB8NK,139.0
WSKQT,120.0
SXT07,205.0
2TDXY,89.0
R7JXW,80.0
HLKRL,175.0
LFFOT,99.0
EFPAF,86.0
6MQKN,58.0
XEU23,99.0
LXTIL,103.0
3QKSG,85.0
OEGW9,79.0
EGW9G,156.0
3DA0R,60.0
IK6YK,49.0
B5THX,51.0
WDN19,127.0
ZFIOA,70.0
0MZJ3,183.0
9CY0B,157.0
FBDAK,79.0
QGVN6,43.0
TXOFB,48.0
TFRQI,50.0
LKZIZ,112.0
KVE79,46.0
GGRSN,78.0
KLVTE,169.0
EYACW,46.0
7WK7N,90.0
ZA6MX,68.0
TMEAT,256.0
HQNHC,90.0
DEXZJ,130.0
NPR97,140.0
TPV6H,43.0
5Z09A,69.0
1E5RG,63.0
8VUJ1,62.0
XCYSO,99.0
JFAXI,99.0
PFHWF,40.0
SP4VS,62.0
SIDDM,191.0
E7MWZ,283.0
29P7N,105.0
ME3J5,154.0
TCO9T,40.0
EI2KE,89.0
ZDVKH,308.0
YD2SE,135.0
TLPOS,78.0
BRCMM,151.0
XGBP9,89.0
8KVTJ,67.0
2TK1F,40.0
V18Z3,75.0
FJ5XS,110.0
ZLG0L,75.0
KKQGQ,100.0
Z3JRE,89.0
C3BRL,110.0
U2EVM,25.0
CPYSX,90.0
CF9XS,95.0
7BLO9,131.0
QHULZ,35.0
DGSN4,48.0
JPMP4,55.0
HNKGO,59.0
COWQ2,999.0
7J36H,182.0
7UO77,39.0
NEGEJ,135.0
8GPLJ,23.0
U5WRS,103.0
ZPS9G,97.0
BJ4LM,139.0
IPVUW,40.0
PRQCG,118.0
UYZXS,60.0
NYMOU,52.0
JTFC3,70.0
RBMXC,85.0
V1DA9,196.0
ZNATO,69.0
NASSI,125.0
TVTAQ,70.0
3AWDQ,89.0
ORNUW,144.0
GNDCY,111.0
SBAJR,67.0
3JIHE,75.0
AFVGW,55.0
H183L,76.0
K5MBY,187.0
GYIND,193.0
OGERG,200.0
F9T5K,50.0
5R9UH,50.0
R8MXA,60.0
ST9AV,49.0
MKWPF,45.0
H4BXX,192.0
1PUAU,9999.0
B6OBS,115.0
MW7NY,68.0
BY0RQ,117.0
ABGQA,39.0
ADQHR,190.0
AGXMJ,89.0
WN9FP,199.0
XEXQR,95.0
IU9UE,150.0
OSTIH,89.0
QW8HL,111.0
OFSLU,80.0
OJDQP,70.0
QXYHB,70.0
JEGC7,66.0
A9XUE,40.0
QHDSS,46.0
0EBKD,75.0
42VUT,82.0
KGSXR,83.0
P0TYF,107.0
J09MW,50.0
MB9OX,65.0
MJIDN,48.0
PJWDC,85.0
GYQ1F,100.0
PIR6E,258.0
GMGDX,183.0
WMLEF,52.0
CL09L,78.0
LPVNL,52.0
BR7XR,225.0
SOLC3,99.0
NGFRN,135.0
M5SGP,58.0
LFEGP,235.0
C5147,80.0
D0TJY,130.0
GKRV5,105.0
COHU9,99.0
TPXIG,131.0
QYY0J,145.0
HIA8A,37.0
OWCPM,100.0
APGZ1,350.0
MTZP6,110.0
U3KFA,34.0
CJOIB,207.0
MA3GY,37.0
TKFJ1,55.0
FJCVB,47.0
F3B4J,230.0
BGKXZ,100.0
ISRAI,40.0
IFOWH,27.0
FXCWH,96.0
Y2UQG,49.0
3PBZA,150.0
G0XNS,75.0
KXJ6I,110.0
233VW,67.0
PTFFP,71.0
B3DW2,43.0
QA3DQ,70.0
ALZB3,112.0
912IS,48.0
QLJ7Z,52.0
P47VF,225.0
RFFUF,45.0
ARIP4,100.0
JWZWF,155.0
D8DRT,74.0
FKHCS,43.0
EWTZH,90.0
PVVTQ,109.0
WB0KN,9999.0
KN6DK,85.0
SKPVH,82.0
V4Z67,55.0
26DJT,66.0
YZFQT,49.0
FECNR,53.0
E9QPR,155.0
MFS16,62.0
99BIF,94.0
FT2YO,65.0
MGDUS,73.0
TTQHB,999.0
G8WGQ,95.0
J0NGN,60.0
EUNPF,90.0
LOWND,1000.0
VDPVH,109.0
9HTPG,59.0
3WTZ4,50.0
YOSRT,41.0
CFCO3,102.0
3JICW,160.0
BJZY3,67.0
PLVRK,175.0
7MZI2,80.0
8IEUY,119.0
3QGEC,246.0
YRFBV,25.0
TC65J,281.0
JICYQ,85.0
ATDRW,43.0
G5FOV,425.0
HUYOJ,189.0
FK1MG,70.0
FRHLP,68.0
PJDUG,70.0
HV88Z,78.0
JIESI,75.0
KRARF,99.0
V81WP,70.0
QG8XQ,65.0
5PGWF,117.0
ZCJEP,109.0
LVIVI,46.0
KOBQA,99.0
HXMWL,37.0
SYE2Y,60.0
FBL3O,25.0
BBC1X,35.0
I5STB,60.0
1J6NJ,77.0
9D695,43.0
7P9H6,99.0
ECWOO,70.0
LIDAW,59.0
PXXE4,68.0
JMTFV,120.0
L7RZQ,25.0
MCTDD,150.0
HBRO1,55.0
A5UYG,75.0
LWNDT,120.0
UFYDN,62.0
MQ1SY,135.0
IACPN,80.0
VZYK0,101.0
HT7GT,113.0
Q6PWF,99.0
ZW26G,120.0
FABMD,73.0
RFAK0,171.0
9QPMT,130.0
YCIDN,125.0
2PUWW,30.0
SLXGO,50.0
V9JM2,84.0
DVLUX,115.0
IGV5F,64.0
LBS8P,53.0
J9JCC,65.0
KZSXI,60.0
D2UIP,48.0
TLHI4,25.0
YAUCA,60.0
ZLZFG,125.0
Y5E2Y,60.0
LDIHI,46.0
R5GRS,179.0
PSMXH,150.0
6EIGT,48.0
GBZLX,100.0
OP3BX,60.0
UJXJY,40.0
SAHD5,96.0
7Z1YH,109.0
YCJJS,164.0
DSIH5,37.0
9VBX4,189.0
JXODE,250.0
GH4KO,100.0
OWCON,75.0
0YUFO,44.0
EPMXG,85.0
KOIXB,76.0
6KMPA,43.0
P2VYH,85.0
ACUV0,65.0
ZGGOD,129.0
2N8OG,51.0
ANPS1,65.0
IXZYW,55.0
NBWYA,79.0
ETLVE,165.0
07BF6,165.0
1DJBT,138.0
DJ2O9,79.0
M6SIW,109.0
I91VJ,115.0
ENPQU,45.0
OYIEQ,9999.0
GKTWZ,100.0
SK9RH,110.0
5RRYT,113.0
0KGFH,144.0
F9EJ9,130.0
6WQG2,125.0
3IGAM,208.0
Z3OSM,119.0
XOLC9,40.0
GKXEJ,67.0
5YDAC,49.0
OJVRZ,83.0
JWORL,305.0
T9WVD,63.0
NGEN4,125.0
HSIR8,36.0
L12YQ,38.0
YT6MD,49.0
3RQE3,190.0
QERWV,67.0
WI3OW,61.0
IEDMK,94.0
D0KKY,200.0
4EMJI,63.0
NW8YU,70.0
2FZZZ,45.0
GAEJI,50.0
VZV8I,73.0
JDRBD,95.0
NAX0E,61.0
W2MG8,80.0
VGGVX,65.0
8TJRR,90.0
NFVXI,115.0
JZE20,75.0
0DLOT,112.0
9F2LV,130.0
0VWEH,153.0
LVKFP,66.0
YVLT2,87.0
TJWHX,50.0
VDT71,94.0
LAF9R,80.0
BBUNM,63.0
D7DQA,123.0
CKRBQ,223.0
YD9T5,140.0
SY1EV,159.0
TTCCG,52.0
52HSD,153.0
GO5SP,220.0
NVDDK,48.0
KJR8Q,37.0
NM9LC,145.0
MI4YD,55.0
IPJI2,75.0
JXYMO,29.0
MOWWK,185.0
W0VQK,59.0
WCICS,140.0
DHJVI,99.0
FNDKC,48.0
URKHC,35.0
FOGQG,75.0
WYS2J,88.0
HP2U7,263.0
KCKUH,110.0
VY5OE,75.0
WKLLP,60.0
GPEYJ,79.0
SK5NC,193.0
AXTJD,90.0
5YYX8,107.0
LQNMU,83.0
HEVU8,72.0
6QZ4V,35.0
ULZMZ,139.0
WJAG2,118.0
VTJDT,120.0
W21Z6,81.0
ARQFZ,40.0
O4JEY,282.0
R9CIU,100.0
G0FIL,65.0
SSMIH,70.0
MBVBZ,89.0
J1MHV,49.0
PGUJY,85.0
GVUA8,37.0
QMM0O,108.0
ZP4N4,72.0
GUNMW,175.0
XUHES,57.0
FX7UV,262.0
K6YSG,155.0
NCKZG,163.0
9R1YX,113.0
ONQUO,29.0
BULOY,62.0
LNARF,55.0
1D6KH,99.0
3D9GZ,115.0
YLEOZ,104.0
TSA7G,69.0
U5USV,35.0
6RUEK,95.0
8XRYA,334.0
IE5Y7,59.0
RTXWR,87.0
SOQSV,42.0
QBUCA,108.0
5PBN6,76.0
GJSEV,100.0
UR2LM,110.0
WJJUN,199.0
ORJH9,70.0
9MSDF,100.0
F7NO1,65.0
WPGB0,99.0
9KWFE,212.0
4DXFS,57.0
WOUZY,23.0
PBWFK,50.0
EMDQR,208.0
5QRHD,123.0
QGLNO,59.0
OUNOP,157.0
R47XX,163.0
GI011,49.0
3QBO8,45.0
JKHNH,23.0
RWEY7,185.0
FBTOA,120.0
2CHO8,155.0
KFKO3,102.0
2IPPH,79.0
NCM0M,99.0
KRSJQ,62.0
V88OT,306.0
KNMHR,55.0
EYBBE,40.0
SSDKG,110.0
ULOC8,79.0
5T8EL,50.0
IPY1V,56.0
UQMX4,69.0
2J1RR,52.0
NZB0Q,38.0
D7QRS,41.0
KCWBL,131.0
VNBYZ,317.0
IRBZQ,45.0
UBERG,65.0
QEN92,90.0
CO3R2,265.0
SFD37,32.0
NOQSX,100.0
IO52J,90.0
H7LAU,65.0
DULVL,99.0
16NRO,86.0
VLZQN,70.0
FIWDL,55.0
PAIHB,126.0
ZEZE5,55.0
WBC5G,155.0
WPKBR,55.0
CMNEB,163.0
2O0XN,90.0
UN2SL,118.0
MF16E,126.0
OIYSG,95.0
Z06VT,110.0
JE5SD,96.0
QFURI,250.0
QZXCZ,81.0
T9BDI,89.0
6K4NL,55.0
PBG6V,170.0
KLDMJ,130.0
AGYAS,94.0
KCJJL,58.0
CRWPA,114.0
C8EFN,125.0
DDLJN,86.0
FDJAT,1146.0
0SVZP,145.0
XXGDL,118.0
V9KOG,153.0
OBRBD,59.0
5X7CX,52.0
DJLCI,29.0
CAREZ,71.0
NRKUJ,60.0
M68NW,85.0
D0ZBX,78.0
THNUV,57.0
ZBFGY,132.0
JIO0P,115.0
CCPKE,73.0
EMBQW,330.0
8USQZ,85.0
XUPVN,174.0
PSREI,48.0
J7AVY,110.0
ATEAD,105.0
ZREC3,92.0
WATBB,106.0
BMJ6V,103.0
SLMJH,110.0
AAY03,84.0
ZRJKZ,42.0
H8BZ4,225.0
OMOPD,90.0
MO3VW,75.0
3EBP1,250.0
RUEWW,36.0
9MOB0,170.0
BSDRX,50.0
CK8NH,82.0
XUXKV,75.0
AMMMN,270.0
SGSNK,55.0
YN6NY,72.0
ROEAK,99.0
U0N7W,255.0
EAA9R,98.0
WQZLI,74.0
PPS1V,44.0
E19AR,35.0
DSHAG,88.0
RSNAX,115.0
7PHXR,258.0
38SZE,100.0
GRHXK,120.0
ZWAXY,58.0
WAKDB,43.0
CSQN4,42.0
VX8M4,123.0
0PGHT,106.0
A4NSH,45.0
1HNMS,60.0
BLOV9,50.0
IRLWL,57.0
CDHKH,42.0
ICQDL,93.0
BRHZV,61.0
OCZOS,65.0
INLQF,206.0
B8XTW,149.0
WT306,125.0
8ESTV,119.0
DAGX8,100.0
NA905,68.0
ZKCFF,135.0
ZCELP,78.0
WNK3Y,110.0
HIPN4,52.0
LJOUC,315.0
NOFQV,60.0
XIG9H,134.0
DHATQ,250.0
RHTJK,35.0
XHARP,49.0
TT58U,99.0
4SRU8,136.0
MDCBD,89.0
UKFQ2,52.0
ZQQCH,80.0
C5ZHM,65.0
QEFH2,168.0
PTNOO,154.0
SGLUV,65.0
B93NL,80.0
TTNSY,55.0
FT6IJ,125.0
FLUZE,50.0
H7AEX,79.0
FTI61,52.0
6OY9F,125.0
EJMJN,77.0
WPNU5,246.0
JHHO1,39.0
UNPSF,75.0
ZLAI3,71.0
KNN8T,90.0
GEOHE,75.0
VKYMW,106.0
S26JR,78.0
FENO8,62.0
CIADY,169.0
4QVVA,40.0
XPMAY,66.0
W8NLD,84.0
IAGW8,70.0
LQMYX,94.0
9MGOU,40.0
OKSHR,150.0
YEJFE,67.0
QFSTY,73.0
4T7OW,176.0
IFFVA,115.0
6S0BP,10.0
Q0IFY,112.0
UUNTE,88.0
VDBAU,49.0
9DZGH,86.0
FRYLE,100.0
FSKDP,125.0
LBNRE,74.0
C7ZLO,55.0
WITYC,70.0
EBGSO,29.0
DLEFX,80.0
VQKVJ,117.0
CCWBV,95.0
B6BGV,40.0
NTQVC,119.0
CFV8M,44.0
TEJGH,999.0
1CDSS,129.0
OIXKN,99.0
RAMJM,200.0
S5KEQ,86.0
0NJR8,212.0
S3NPE,80.0
YTKI6,107.0
DGOFQ,69.0
LTSCR,97.0
5IOFO,95.0
NO8IB,134.0
E87VF,75.0
QGNTP,42.0
ZT3VE,45.0
RI9AQ,153.0
JRPHO,72.0
WCNPC,63.0
X1NR4,60.0
PAHUZ,157.0
CDQCV,65.0
SV2U2,60.0
CWSIP,72.0
GKIEW,74.0
L0MTP,150.0
PO0FH,132.0
MLZVD,136.0
G19IT,99.0
P6GMF,59.0
QKYTZ,149.0
YHOXA,112.0
B0L2Q,188.0
XB2BQ,95.0
L10TN,89.0
XXUXD,93.0
FPGPA,28.0
T9SJF,45.0
7ILUE,95.0
MUDZF,55.0
3JSVW,55.0
UJOG7,121.0
KJQBJ,99.0
7UYZP,67.0
EDPMB,69.0
P6DNL,135.0
VQMBA,140.0
3JWCL,55.0
2J6JJ,41.0
ZIVKT,201.0
DDC3K,89.0
WTCRS,31.0
7MZKF,157.0
MF7WS,49.0
A1JO5,149.0
A2RNB,117.0
OIHMV,99.0
2MEHH,50.0
FC6OC,304.0
QHYY5,48.0
DBQLH,61.0
5ELI9,145.0
ESHIS,282.0
BAXBD,334.0
CL6LO,140.0
NIVPJ,97.0
LQNBC,110.0
IX6TE,120.0
RHPVO,176.0
8ZBTE,88.0
UXDOQ,110.0
C3ETH,52.0
GQYJA,999.0
U1UU0,43.0
UQYZW,230.0
HJUXQ,83.0
G7QWQ,143.0
PSVF3,161.0
0PN6H,98.0
RAIXK,106.0
9BCCH,72.0
IAIVL,65.0
UEDM3,49.0
U1NSM,75.0
BISIS,37.0
FMWVQ,124.0
O5BEL,73.0
X8PI4,84.0
HOHCZ,107.0
FGD2I,240.0
NYAX2,55.0
OO7YX,39.0
US08Y,92.0
FKRSO,182.0
OJYGT,315.0
MPYKG,62.0
KP31X,65.0
PBKMU,90.0
OH8PI,50.0
WHJZJ,461.0
DKJ9W,68.0
G077B,128.0
2RTGS,304.0
1IXWT,39.0
SRB1B,85.0
RIY9Y,80.0
0DTSB,198.0
RGKSM,163.0
MVUTP,116.0
H2NHA,67.0
ATZUV,110.0
MWRA2,100.0
UDGYQ,99.0
U8QRC,42.0
1S8EI,42.0
C47TE,80.0
CO0PC,109.0
OLT2H,153.0
ZHYLJ,139.0
KPYHO,58.0
BFW33,68.0
N5YGG,70.0
Q1WGP,53.0
W10PR,60.0
BTD46,63.0
RQAMH,95.0
LLIPE,129.0
ZBIJA,82.0
WMZKB,55.0
DPPFS,160.0
LWGN0,72.0
G27PO,82.0
COO61,450.0
B6YBI,128.0
H67PS,49.0
N0NMS,85.0
YGSEZ,119.0
UDZND,315.0
PQIMX,49.0
53GKB,64.0
8ZV2U,24.0
LPAMV,97.0
DWIQX,308.0
M1ZA1,25.0
Y6YAT,68.0
YU6EG,68.0
R5ZIE,130.0
WTTXY,108.0
NLCZI,124.0
GYKNE,79.0
DWGIQ,66.0
MSYHD,157.0
MPMTV,79.0
VWTTC,55.0
EYUXH,82.0
ENXKJ,99.0
UGPG3,80.0
YYT9P,130.0
S6TGH,69.0
E4L6H,138.0
AZGIM,704.0
XE00X,85.0
XMVDQ,89.0
8XG0Q,99.0
DHWRY,44.0
LOQB1,89.0
2DSDT,146.0
VLOEM,49.0
ZIB30,70.0
YQOAH,33.0
EDZIZ,109.0
MZPYX,100.0
L6UNG,143.0
NX4XL,55.0
Y9T4I,133.0
XUUZS,167.0
EWCRP,44.0
ESWSD,81.0
LVPS7,179.0
ZHEUM,62.0
JCJ5L,226.0
J1GII,152.0
3G80I,177.0
IKIO8,106.0
CNQI1,191.0
YOSQT,49.0
CAQHA,89.0
LBVIK,90.0
4YJ8G,58.0
3VEB1,58.0
3LCOO,42.0
VIFBH,114.0
IUYEH,84.0
NZPEO,81.0
EDIZG,127.0
VLVFX,173.0
HKJRQ,169.0
WI2AQ,60.0
G01MP,55.0
JSHAR,55.0
4GPWF,52.0
O9UDT,210.0
YHQ4A,39.0
TBBXA,181.0
P6YG6,162.0
USOHD,61.0
T6MMA,31.0
KNZRY,50.0
LKCRE,118.0
79HHE,348.0
YJGWU,68.0
JPAH3,62.0
QSREQ,71.0
BHJEY,269.0
M7W8C,110.0
IYFCT,55.0
JLM4S,83.0
47ZG7,38.0
HGT2M,75.0
BIOAS,147.0
VEXLO,117.0
ETO2H,148.0
79TMD,55.0
BZKSP,125.0
9UEFQ,60.0
BVL5E,112.0
RE91U,60.0
GRAEK,35.0
WTVCV,100.0
Y9RDB,324.0
AKJNL,68.0
6WYMR,79.0
KLAQN,70.0
MQKF8,171.0
I5DPZ,75.0
3IS2K,221.0
XUGPX,282.0
7AT9S,107.0
CXDMJ,40.0
4LXI8,198.0
LYGEE,100.0
OQLUH,39.0
XPWEE,111.0
OOCMF,142.0
QNCNV,48.0
FAF64,58.0
HP2TI,40.0
DXOGY,83.0
6TBKA,40.0
Z8MNN,193.0
DWSLX,78.0
JCANA,135.0
1BFK3,65.0
U5PRH,150.0
NUYAO,120.0
WFMV4,60.0
W3TYU,71.0
3QQK0,75.0
H9AMI,204.0
PDIHT,70.0
UQ2LP,149.0
VGM8N,99.0
FJWLF,101.0
MTYYR,298.0
DKHKV,69.0
EKYNB,135.0
OSIID,131.0
MFFPF,65.0
CNOWF,117.0
TNHFX,81.0
TM9FJ,484.0
TZQKM,74.0
0KLRM,35.0
PTLYK,115.0
WZ1GG,72.0
URKPL,60.0
ONM3S,43.0
RTDJR,69.0
L9278,119.0
8VFK2,110.0
U9ANJ,163.0
0ZRQS,55.0
M9PLO,48.0
SSSDW,87.0
TXHTQ,87.0
OHHLP,174.0
OUPQX,65.0
P0MZZ,110.0
U4LIU,158.0
QEI35,186.0
S9FUV,40.0
7XG1D,125.0
XGIOS,45.0
VYBLK,135.0
DO3FA,70.0
7KVRR,52.0
NV2RG,99.0
MOVSH,52.0
CX6KR,67.0
NDMMB,50.0
LIOO2,149.0
BJL17,99.0
DF5CG,70.0
UVCIT,50.0
VBJG7,129.0
CN623,38.0
JBI7Z,34.0
DJI0R,35.0
L81PW,182.0
RLZAU,146.0
KSLNS,69.0
USPXG,60.0
WUUNT,88.0
TTKRN,125.0
13EVW,271.0
LA3FR,34.0
L9OKI,246.0
TAZ1G,151.0
HG61O,70.0
KFSGA,68.0
MRPYN,128.0
WYT3Q,62.0
ASCHS,45.0
MRGD3,74.0
8FJNV,32.0
MAZHK,159.0
FRVJN,75.0
JMWM1,1000.0
DYT8Z,90.0
IUV0E,270.0
16M7K,136.0
DNH8F,80.0
AESAX,275.0
ECBRR,38.0
M363Z,59.0
TLORP,29.0
JC3BP,267.0
KKYCR,68.0
6VM8Y,99.0
IRPYY,47.0
FWSZO,133.0
PRG4T,37.0
QCTXC,80.0
R6UZR,195.0
MUMFB,99.0
HZO1S,131.0
U1ATH,43.0
2UNWG,214.0
6XT7Y,102.0
UBKVV,131.0
YCBVJ,184.0
6RBEP,330.0
V7ZDG,161.0
8RZS4,75.0
8HTWR,60.0
75RQR,145.0
FG2SY,250.0
T4LOJ,42.0
RPQ3P,40.0
QLQTV,164.0
YYURS,148.0
UOSKK,55.0
03XLY,122.0
ZRKGH,57.0
SVTMT,90.0
EZW1G,85.0
5DEQ4,110.0
SRJ7R,61.0
X4WQB,83.0
8CN6I,48.0
5KEEM,169.0
PYDWU,39.0
YMF1B,59.0
2BXLH,128.0
TQPYI,250.0
NQZD3,44.0
WCIYV,59.0
NAXYZ,125.0
YLA2K,173.0
SFRRB,51.0
OIEKU,293.0
LNG4R,315.0
CDJBY,329.0
SLJ9Q,125.0
BOSHP,75.0
SV0TE,60.0
CL82L,119.0
QHNKU,52.0
DTFYQ,19286.0
17ECQ,34.0
BN84R,58.0
9VBJC,169.0
6DTBA,64.0
KGOWV,165.0
TGGPA,70.0
S4ZNI,9999.0
HJOMA,300.0
OA2CA,150.0
DOHVJ,115.0
1VNB5,59.0
SCJZG,200.0
HEESX,45.0
KC6OP,102.0
FP8M3,209.0
L3PVI,65.0
ZBSBQ,95.0
KMXMZ,99.0
XCFHZ,125.0
2A8MF,88.0
7TNK5,179.0
ALKHI,262.0
MEI6X,109.0
2SZO8,35.0
CLABF,90.0
DNQYB,109.0
ZXTAU,70.0
1G5UF,67.0
FGONO,150.0
GJSG2,79.0
GJQAJ,60.0
1G0XC,71.0
CU00I,65.0
WY0OY,279.0
GBS5V,25.0
FFZF5,91.0
MWF5N,38.0
Q7RGV,29.0
SWHWA,75.0
RS8JU,39.0
9AT8R,55.0
DRTJY,59.0
EX1Q1,55.0
J9WCW,71.0
OBEQ7,31.0
L70SS,105.0
UPNUY,62.0
TSW97,55.0
TZH5U,87.0
IWRKQ,112.0
XW1HE,46.0
GQCBB,126.0
JQNKM,203.0
OMJVE,163.0
DHDBK,48.0
5LNBB,139.0
X3DSC,201.0
49AK0,50.0
YEBFS,85.0
GHPAR,73.0
BSGDZ,348.0
2UNDP,144.0
LG0PP,175.0
IWXR1,45.0
YKECO,48.0
QFFBE,78.0
T8FLU,115.0
DGKEO,175.0
GVINP,50.0
SQJBG,74.0
DCT3G,75.0
XWUKI,76.0
OOYNJ,70.0
ZXB81,85.0
3QF4K,78.0
O5ZI0,32.0
ZPGK3,99.0
IAFAV,215.0
UQBRU,48.0
KN1F6,151.0
P834E,127.0
BNOIQ,85.0
WSECX,79.0
U17BE,157.0
SNOQM,55.0
DKB8D,30.0
OQNJH,73.0
8HVMI,195.0
TNJ0N,160.0
R9V5Y,135.0
P00D7,34.0
TNANC,158.0
LKQD8,40.0
ICEM5,116.0
8CCJ2,106.0
5QFDK,85.0
ZHJYO,266.0
IITER,81.0
ORCHY,79.0
NAB3M,127.0
7YTCE,98.0
FXGFN,50.0
1QHNV,150.0
GJ7P6,130.0
VYPPQ,135.0
H2TE5,135.0
LG4EL,89.0
NNHG5,391.0
3LVDU,190.0
DD0SU,140.0
2TTW1,55.0
HHFEF,128.0
DEHNE,77.0
FH7FM,100.0
XSOBV,85.0
OR7HE,50.0
T6WXY,125.0
YVDXI,54.0
GIRKH,250.0
6NOPH,122.0
GWHAT,175.0
RKXLP,76.0
0XS5Z,58.0
LYGRI,85.0
FRBLD,119.0
1APCB,50.0
HR5GG,96.0
DZU2M,215.0
TFMHA,79.0
BPSDA,99.0
CX8SO,190.0
P6CFA,99.0
WBDAN,161.0
NLV5N,95.0
S4OIN,224.0
TOVO4,63.0
C8DPP,45.0
F2DGM,170.0
7CLMM,73.0
8SDXY,150.0
P4TW1,65.0
2ZZCX,145.0
QV8N4,65.0
8BBYY,40.0
0WIFU,60.0
T74ZQ,61.0
KYCRJ,79.0
NHWXC,98.0
LL5BE,55.0
GQHIP,174.0
AEN5M,97.0
XCJBS,149.0
HDAKN,265.0
RLSOB,154.0
ZEAOA,39.0
0LBZR,36.0
A3BNL,122.0
4FICA,89.0
WG2GT,80.0
LDX7M,226.0
D32EL,85.0
LYNFG,114.0
E6DQM,50.0
UHYSG,72.0
RDZDY,65.0
TPFVY,53.0
YDS0C,50.0
WDKHO,44.0
DVV6R,70.0
KWGIK,54.0
JZHWP,66.0
A1Z5M,43.0
FPPZM,49.0
SYDBE,107.0
QM1AI,95.0
TKPYI,68.0
TJ02Y,185.0
BTEBW,28.0
S9DAR,81.0
ASUTJ,83.0
NQJTR,69.0
TITRC,89.0
IHQKI,55.0
6KNVP,139.0
WE9D5,204.0
XCKFB,70.0
JBS6C,50.0
JODQX,229.0
QI7N1,178.0
PFZSZ,135.0
XSJVP,110.0
YHHD0,78.0
AXPFY,260.0
XCCCU,119.0
J2OBR,66.0
KSZ3T,120.0
E5H5K,90.0
92BM8,61.0
9JPOA,75.0
N3UUU,95.0
HM2WG,74.0
7AOKX,78.0
LMV9O,125.0
LIA40,115.0
JU9OV,135.0
ZUNTC,44.0
RIKRN,92.0
OW2CZ,169.0
O24SW,52.0
RWJBU,84.0
YBFLP,66.0
OYJ6I,108.0
5KLD1,139.0
CUY1P,110.0
7S9QR,110.0
BSAYA,95.0
CHWXZ,60.0
FMNUG,125.0
F2RV6,91.0
HKZRM,75.0
SEEGD,29.0
0CFWK,999.0
BZ1NA,65.0
6VBU9,215.0
CWJPD,54.0
1QCVJ,81.0
E28LE,99.0
3RDZH,191.0
NK4FH,97.0
9M6MU,498.0
KICVV,47.0
XIFBA,37.0
GDSU4,55.0
QM4DQ,50.0
HNQGD,95.0
SJMBB,75.0
SQ3HQ,60.0
M60XW,50.0
IPAKA,60.0
ZCY9S,75.0
WIGY8,113.0
OACS9,48.0
ZIAXB,22.0
3GXNP,149.0
JGWF9,97.0
Y3BB5,48.0
L6NP5,10.0
GIKE8,585.0
E5QIN,106.0
QLJO3,55.0
N5ZVX,76.0
BBJ42,85.0
JFNU8,116.0
FJFVU,76.0
UPN9U,107.0
VHNZJ,55.0
VUEHM,44.0
AKUJL,225.0
ZLNYH,71.0
PXGFM,130.0
XNIRJ,35.0
EYH1E,30.0
3QVJN,159.0
4DIXZ,200.0
AWJVJ,84.0
DDIGZ,60.0
PAIDZ,75.0
BYOMZ,30.0
TTVKD,39.0
MMH7F,104.0
Y5GXX,59.0
G2WWJ,70.0
JZYGN,120.0
PLFVI,98.0
1ZXYX,65.0
3UVWT,53.0
U2RL4,72.0
6KGUA,102.0
MURVZ,76.0
ZXMFU,45.0
ZBWY8,138.0
H8VJX,114.0
A6YKU,76.0
TS8HL,92.0
MWLI3,42.0
UQZBP,110.0
MFZFO,59.0
DUSLL,462.0
H4M0T,50.0
ISVZE,132.0
SJPWJ,73.0
YUV8L,87.0
OWUXW,151.0
FIUEK,60.0
DNJTH,49.0
4ZWK9,50.0
2JRXF,250.0
5SQSE,89.0
JDSM7,97.0
GJXVZ,55.0
NA3W2,313.0
OHRT7,35.0
LXTLW,136.0
EJJ9P,60.0
EZ8CW,120.0
3LA0G,125.0
VEIX1,118.0
ZOBLS,138.0
EHA1B,60.0
XTFB8,75.0
IBMKO,60.0
9U6CN,60.0
WEDZH,45.0
BBM2A,65.0
B7UCV,99.0
DHMBS,206.0
AFHSD,90.0
SPZYY,29.0
HWC8P,134.0
KFXXI,54.0
BMVRT,158.0
0KWG5,58.0
TCQQJ,348.0
4BQSN,120.0
XKZSV,123.0
GTGXW,99.0
SAYLL,55.0
4XW4W,135.0
WQG30,89.0
U78AP,57.0
NEBDU,85.0
QUGLU,95.0
QABF5,119.0
WQDGV,92.0
TJJC2,38.0
3UNIF,60.0
WGTBS,50.0
FITXQ,41.0
WGAUX,80.0
QFDT6,37.0
FHFBH,89.0
KYCJU,258.0
Y1VGE,59.0
MSCPS,83.0
FBGWI,78.0
SS6JK,30.0
DKJ7S,227.0
SFLOM,91.0
EYN4Y,77.0
NDEIH,80.0
6KLCT,48.0
PEJVH,146.0
GSKAQ,121.0
VPCQG,64.0
DHMJV,89.0
WM9K2,43.0
OBWOA,100.0
KDPLM,304.0
HBCXZ,56.0
IPJYX,391.0
VCCBS,63.0
NZ1XE,82.0
4YRKG,190.0
HFW1G,40.0
FTH5Z,257.0
IOSNQ,99.0
OWCBK,999.0
UYZRE,189.0
KYL4I,95.0
JGPOY,265.0
J4TB4,168.0
MHQMN,60.0
ZSRZ1,208.0
O5SBW,71.0
TAV4H,60.0
TA0XC,99.0
0JD76,105.0
IE3JJ,119.0
ZBLXA,105.0
PR7OF,90.0
3ASRR,67.0
F2T2H,49.0
XGSK1,50.0
UK4BK,99.0
VWMNF,76.0
JCVUT,122.0
KPNEB,207.0
GRJSX,198.0
9WSDG,177.0
GLBFD,189.0
2TBZ6,86.0
5OSHK,178.0
PIA0T,149.0
Q4LRW,70.0
DZG1V,226.0
VB03B,60.0
3AEMO,75.0
TPM93,45.0
5BPB9,86.0
JJFIJ,94.0
IVDBY,30.0
JNKV9,99.0
KXOIT,52.0
FUHZP,66.0
KENFU,45.0
2BTHS,100.0
8JART,129.0
CKXAI,49.0
ETZRT,120.0
PHYDG,115.0
DTVLR,97.0
DZTNJ,269.0
YAAKV,115.0
E5YTN,60.0
D9SZZ,44.0
K3DJC,65.0
UDOZT,74.0
AY4QQ,80.0
LABJO,110.0
KUYCS,110.0
JAMP0,133.0
ANZ6V,44.0
PCR5T,79.0
MOB4V,99.0
KMNGD,68.0
YE4DT,100.0
H3SDN,80.0
UP1SJ,33.0
EP4PN,62.0
XV8YT,51.0
992JS,125.0
HS5LK,36.0
ORJSC,197.0
QKXTI,1323.0
6K8EL,32.0
KWHAK,95.0
3XTE1,350.0
TQWNW,109.0
FOYIY,110.0
IBELG,47.0
H0S6Y,59.0
OAQ2I,105.0
HRUNP,55.0
IF2XM,49.0
EHS8N,585.0
L9CFI,56.0
INOFZ,99.0
CRO6J,120.0
L03VT,135.0
WQ8SG,50.0
CNQQH,59.0
BIAUH,73.0
USRZ5,63.0
05R3O,270.0
GMO3G,140.0
XVJ3E,398.0
8DNSQ,60.0
Y9G5O,125.0
WJMJ2,36.0
C6UZB,60.0
UZIZD,55.0
DZIMB,69.0
W1OKJ,75.0
XPPOH,32.0
M1HES,45.0
2X7MV,55.0
10QRI,108.0
O7FC0,99.0
3BN6Z,235.0
U3HJM,48.0
8GWDN,99.0
AOAFW,55.0
3XRWT,58.0
9MUKF,149.0
ZDNIX,27.0
FF3EV,70.0
0TGHA,304.0
ERWVE,90.0
B22LY,144.0
GLEAG,138.0
2NIWN,185.0
7Y8OI,229.0
NBB9S,95.0
TOMMR,87.0
FEMFI,35.0
UZC79,27.0
RICBD,225.0
PK59G,115.0
ONMNN,41.0
8MLWZ,38.0
49AHK,77.0
PUUFY,64.0
APXIX,65.0
5HI0D,70.0
EQJPG,179.0
REXPA,43.0
2H9JE,81.0
EWYGO,168.0
8YPI3,120.0
EOU9P,98.0
IIMWC,80.0
CF68C,145.0
EED4E,50.0
G4W9W,55.0
FWPDR,176.0
VMKRS,62.0
N9X3W,101.0
GFVBV,27.0
YF2ZN,65.0
4A8LY,149.0
FA2SW,43.0
UQILM,63.0
JIDL1,429.0
IXPNX,106.0
AXLBJ,75.0
0BDFJ,60.0
KSD1P,169.0
PBP4U,75.0
WDPH2,128.0
TCNTK,55.0
4C27V,65.0
OHJIU,50.0
MF59M,74.0
XZOFF,65.0
TTKIG,55.0
Y4TKS,115.0
FHUNN,67.0
XN6YW,43.0
QE7QN,70.0
IVMLE,80.0
ALBBC,193.0
RXMKZ,70.0
M3SAK,50.0
CZ53R,99.0
VG80P,46.0
9W0RI,132.0
Y0ZMH,45.0
DUCVD,65.0
ZJKA8,50.0
WKYTL,43.0
TZRF3,395.0
YKBNF,89.0
EWFWP,74.0
OA7G1,134.0
UAZDF,50.0
OWYMH,39.0
GTDRN,146.0
MRQZ2,86.0
EVSLR,68.0
8NFVE,70.0
J0LQY,100.0
VQLJ4,60.0
YXRHU,50.0
DBTRB,50.0
RJHZT,71.0
9IIOB,65.0
IG9XZ,143.0
ANGGG,139.0
EOXBY,51.0
DRM1V,120.0
E5Y22,59.0
FEMLU,99.0
NFVRH,87.0
EN7HE,60.0
LOKPQ,39.0
OIRP2,350.0
LJFZ3,115.0
SMCIF,138.0
WBUYA,142.0
WKKLD,115.0
JVFHE,96.0
VEO44,292.0
OXHKI,110.0
ABL26,98.0
EDCYI,65.0
V5VWW,73.0
AVS31,67.0
B83AD,101.0
3TC6S,59.0
IT7UE,153.0
JIIRE,1000.0
QLQPM,72.0
L3TEE,95.0
H0AMM,9999.0
W3XPU,89.0
CFGNI,232.0
UB3T4,126.0
YNFBE,66.0
QP3HR,150.0
IGAWF,50.0
AZFDS,75.0
Y24GZ,519.0
4RPRC,93.0
JX6ZZ,125.0
DGAIU,75.0
OGR6S,50.0
4UTGN,85.0
BLHRL,122.0
RIZXN,246.0
P4FMG,99.0
F3Z8M,139.0
MJI7X,150.0
6K0AV,86.0
ZX5FJ,60.0
X3EFI,42.0
LARVC,83.0
B8MKD,123.0
M4UAC,122.0
PBBXJ,73.0
XP1CH,180.0
FTXQZ,60.0
A7HBB,125.0
2Z2OE,67.0
S8AYB,50.0
RLJOC,92.0
BNWNB,62.0
CWGBW,153.0
RGVHN,75.0
BWI3S,55.0
8FTKE,110.0
40MK3,89.0
SMIEH,100.0
8SVNC,35.0
B3JSG,132.0
L8JCW,292.0
TS07C,391.0
9QLRE,34.0
AFK96,165.0
VJ09H,114.0
SIIUH,211.0
HH6BJ,97.0
SBRGX,97.0
GFYYL,39.0
LQXGA,187.0
KOHIZ,182.0
WTXR5,61.0
ZBZIZ,99.0
RN5VC,107.0
5C163,59.0
WSD3I,278.0
6QOQQ,74.0
NDNEM,70.0
7AXHH,95.0
5QL4L,161.0
U2RV0,71.0
AD7F0,181.0
NQRKY,114.0
FBMTQ,55.0
4I0IU,125.0
6YPP4,315.0
X5KWT,39.0
ZFHJ4,39.0
A2LKT,60.0
AXSJT,1000.0
BOEX9,50.0
HRL31,127.0
SSROY,85.0
VHVK1,95.0
RXIKP,106.0
4LVRG,60.0
EKI6D,55.0
CLFDZ,173.0
0DX54,78.0
PYUFG,58.0
FONVW,80.0
GV1UU,75.0
HQQEG,95.0
NBAYM,75.0
ZLMXV,99.0
FT9PY,117.0
DBDCG,199.0
MTP5Y,94.0
PRXXY,45.0
SXVOB,55.0
4NLVF,99.0
2RDHV,60.0
W6SXV,69.0
F9Q05,69.0
2CGPY,155.0
Q5PT1,250.0
P6UZV,51.0
UEKB7,250.0
BBKHR,180.0
SWMTE,95.0
SGUYW,193.0
1AHXL,160.0
J8JCO,50.0
JACFS,78.0
0PYHX,85.0
MTP3K,48.0
VASUN,200.0
NZ9O6,100.0
Q0HGX,50.0
BDYCV,60.0
UPFKE,49.0
WHV4H,112.0
Z5JT6,30.0
9EVJY,134.0
R52RV,67.0
I8NZ5,75.0
M3OL1,87.0
J4LEZ,73.0
ZQH6E,65.0
EBAUK,89.0
EDXHT,89.0
GXMHT,165.0
RBSB9,55.0
Y6UIS,140.0
DHSQI,50.0
A17UG,53.0
Q2JXE,29.0
SGFWL,65.0
5IOPS,70.0
GT0EO,50.0
Y7RH7,52.0
HLDF3,10.0
BXQKG,40.0
5O3YA,45.0
4IGJY,110.0
V6VMS,65.0
IK2OE,165.0
5768W,177.0
ORYCC,117.0
L1C2A,75.0
QTKVU,95.0
TTWR0,119.0
B1NAP,99.0
ETSLP,49.0
IXOZ0,131.0
EELQM,183.0
CDRYQ,176.0
PV8RX,172.0
L7ZVZ,200.0
HE57W,51.0
DEE5A,110.0
3TRMR,100.0
I3XWK,999.0
DPJCQ,72.0
SOJU3,88.0
JERYO,71.0
LE5VA,56.0
OE8SA,145.0
I8ASZ,118.0
KUGRA,60.0
7CCCC,67.0
8HFRC,90.0
CDE6H,95.0
UUHL0,96.0
6K887,40.0
GP2ZT,99.0
4TTYM,262.0
RIXDO,74.0
MVUH0,55.0
EONNI,89.0
4PC8O,55.0
9CGXG,75.0
AFHVO,112.0
RLX2K,56.0
6ZBYY,115.0
QAEVE,95.0
JKGRR,90.0
4HEYT,180.0
W9TYB,86.0
SQKXW,50.0
UKHJJ,80.0
FOAF8,99.0
B4E2Y,30.0
MIZ67,41.0
EX5GT,91.0
QL14U,40.0
N2MKS,290.0
FQ4RV,74.0
ZTNO5,55.0
ZDO1O,100.0
FPS3V,104.0
IRFJM,25.0
WRTPQ,104.0
BXRQM,60.0
9NRQN,120.0
FTMWR,225.0
7RNQG,175.0
JOUVA,99.0
IPCII,79.0
RHYXP,175.0
75ADH,108.0
A0QV9,105.0
Z4MGW,42.0
ZE1G0,69.0
766I3,56.0
QK16W,110.0
30ZF3,70.0
0Z2RI,135.0
8SYUF,105.0
UT9NG,67.0
LVWQS,82.0
JM6BS,71.0
PEXPH,59.0
WYXFJ,99.0
DDH1C,55.0
ZXCRQ,78.0
A5RZ7,97.0
6HITN,85.0
6VPAM,98.0
CVEII,172.0
4G6JN,175.0
IVGQA,88.0
KE3KB,64.0
OTTQ4,85.0
W5506,59.0
GXCAH,55.0
H4POS,264.0
2GMPR,149.0
WHM3Q,55.0
2OQIT,189.0
NWCR7,59.0
WP2V2,170.0
8UQZE,35.0
DUBOW,87.0
IFHTA,52.0
MSFFH,72.0
KREQP,78.0
S2WHT,75.0
KN2YX,180.0
YT1VO,51.0
RMFH5,68.0
ZOAKU,55.0
VU6O9,73.0
XFPOD,62.0
9S3O1,45.0
VGNUN,100.0
LSXQ6,29.0
BUCNK,135.0
QI9D4,299.0
AYNWB,74.0
DJGT8,70.0
TEU2K,85.0
BMU3E,95.0
V3QMC,153.0
6HKSW,53.0
JJ3MQ,140.0
FKLC2,135.0
RJ9CU,108.0
EIKXV,370.0
ZSNNR,324.0
OMGKL,60.0
ZTHPK,115.0
JE4FB,80.0
Y25PC,77.0
Q0BHV,226.0
Z1YFF,160.0
GAAVJ,85.0
VFEOA,109.0
AWRBS,46.0
GZL2M,82.0
PGWCI,62.0
YE5GQ,92.0
TBSMV,99.0
KR5JB,100.0
GKHL2,80.0
BGIUS,48.0
PCMQU,125.0
9I7O4,121.0
SMKXH,85.0
NVTOW,305.0
5KVL4,41.0
3S5SC,34.0
SWUZY,49.0
RBPJR,68.0
BEPPN,77.0
SOYIA,139.0
MEOY7,110.0
IU2VZ,115.0
UVV07,70.0
8Z9BR,336.0
2F196,108.0
QXJKH,65.0
0E9ON,88.0
5SW8A,119.0
X784V,60.0
TZVMS,139.0
MEIZV,125.0
1QN71,38.0
JVMQZ,55.0
HAJTF,131.0
K8QV7,150.0
REENS,99.0
YGGSV,246.0
JUI0Y,112.0
CVPWB,27.0
6HENI,200.0
WWBBU,75.0
5BNRF,74.0
NELZM,99.0
WMYGQ,100.0
XF0G6,60.0
IA3JQ,57.0
LQQOX,60.0
36AFO,130.0
GPFOO,225.0
MAFHT,98.0
KBSL6,72.0
KPUOI,96.0
ZG3I6,196.0
MGORG,130.0
SE1Z3,70.0
UC7CQ,36.0
T06TE,99.0
KAY54,75.0
BGYUK,80.0
SD0RJ,120.0
G6QIP,60.0
HW6RZ,126.0
OIAH6,67.0
O1QAI,38.0
1SFJI,100.0
ZXYYR,90.0
K2Z0U,129.0
BSDPK,101.0
UN3UY,160.0
LTX7O,145.0
L8NAQ,62.0
FNPAG,65.0
MIQYH,109.0
MN4U8,114.0
2PUFQ,62.0
DMEUK,9999.0
B7L51,65.0
UHYCF,50.0
TBNEV,79.0
WL7AD,120.0
I0QQT,151.0
N4VLV,93.0
SUBLQ,79.0
RRAYW,225.0
21BO9,190.0
PLCGY,178.0
5SX0V,106.0
FUXYM,102.0
8CLFG,23.0
YLBSC,585.0
HFS0W,68.0
JZ4ET,95.0
I49NG,67.0
EL0LU,31.0
IBXQR,75.0
ABUMU,65.0
XD2PM,125.0
AZYIL,69.0
IUJBJ,53.0
ZXFKU,99.0
HAGVA,500.0
YC5PX,292.0
VPZYX,27.0
T8FWF,131.0
YLNPZ,129.0
ZG4WL,135.0
S58JB,99.0
E8LVZ,90.0
BB2SY,96.0
VHTF8,250.0
HPVVY,65.0
QJVQD,42.0
6EYOG,150.0
JLPSV,115.0
OIODS,68.0
WBYBP,189.0
F6C2V,150.0
KSFE1,67.0
CO7F1,261.0
TWG8P,57.0
VGRBG,60.0
UPPVE,95.0
EDJGY,235.0
WEBMZ,19286.0
3SPH7,203.0
WI4R8,150.0
AZJIY,50.0
DTF6I,97.0
91DPX,45.0
6QKDN,184.0
YKA5P,83.0
NDG4D,39.0
PWST4,75.0
7QJR7,175.0
QDJPW,261.0
QJVRC,79.0
HRFT8,128.0
VFTCA,115.0
SQGEP,60.0
HLTGP,79.0
JGXWD,47.0
4M0H3,120.0
VA7IJ,65.0
BD6AQ,77.0
INW2N,65.0
GKKEL,315.0
X3JY0,65.0
8CSTQ,38.0
DWXZU,56.0
1TEVE,177.0
I2GHY,119.0
8V35F,10000.0
LKKQ9,159.0
CZKSC,349.0
6ELOI,110.0
ASET4,45.0
N3K3U,149.0
X1AB7,67.0
BRCZZ,40.0
Z1RJZ,262.0
2ENNQ,50.0
DPU7E,48.0
W5YYP,89.0
3OBLG,43.0
JAPB9,48.0
6L2ZM,65.0
ICVDP,225.0
ZHV83,56.0
KBOEW,117.0
DUOZU,161.0
SIJGE,99.0
CI15Z,32.0
XXQDW,104.0
HVZYS,131.0
90KAH,278.0
UJNHJ,65.0
0X0DI,178.0
UKHZF,231.0
0EUMV,58.0
IMWXU,94.0
QSBNG,109.0
V59AI,199.0
R4CDK,30.0
B57JA,175.0
VQOJS,103.0
A9BPR,80.0
WJB0O,148.0
LNDQO,250.0
BTT9D,86.0
RJARV,293.0
RBQ85,133.0
BYS9V,58.0
Z0HV7,50.0
FHENN,170.0
ADS60,88.0
CUNFW,42.0
LHQAM,122.0
JKJBV,219.0
STIQI,79.0
YM05F,109.0
UPW67,106.0
X4G8S,60.0
M3T7G,80.0
JZ4QZ,52.0
BGGCN,112.0
AJWSC,86.0
AT10N,74.0
TBZFD,59.0
MZNAS,107.0
TNL3S,70.0
CQIXH,164.0
S5LJ7,39.0
Y3ENJ,65.0
4WP7V,127.0
10PHN,108.0
KIIEC,78.0
CIOHD,61.0
IYY7J,196.0
I0MKH,215.0
FVWQR,132.0
KAPSE,115.0
6WYYR,122.0
RAW3Y,49.0
XFLVK,65.0
QCLCT,391.0
LKQON,95.0
Q5UTV,139.0
DJ6K8,206.0
N8TE3,74.0
YJD7X,67.0
ECDAD,137.0
1ZZN4,125.0
7E2BQ,125.0
KQ8JS,75.0
MBAK9,300.0
JE03A,120.0
9WJUP,53.0
NWIOX,163.0
SGGSY,54.0
U6MJH,144.0
T5GWG,118.0
PWBT5,87.0
Q7WCN,200.0
D9AGE,94.0
ZIZ26,428.0
6H95J,72.0
B0IEN,38.0
G9YVZ,39.0
JQYQZ,75.0
GVG2Z,44.0
5JJHG,85.0
4BB3U,90.0
SPQGU,75.0
AQ3ZJ,79.0
YH212,324.0
KFLBL,264.0
CNDMP,69.0
OO33Y,245.0
OXRM6,76.0
APSIM,48.0
R89BO,90.0
DB9IB,88.0
RDFPQ,130.0
OTJMI,32.0
HOWN9,106.0
OCIAI,30.0
3OJL8,161.0
H44UD,45.0
MEMYX,127.0
JUICJ,41.0
QFUMO,84.0
OTCTR,55.0
VLMWQ,178.0
S7C7N,100.0
UFK9Y,49.0
JOGNN,56.0
JSHDT,145.0
ZAJOG,80.0
QCVJ9,40.0
UQ73X,175.0
MZMWJ,164.0
TAGXF,138.0
I4EJ2,65.0
7JHIG,100.0
0UB97,100.0
QGNXG,73.0
OWV2I,40.0
WHV6T,50.0
GZLYV,164.0
WENE0,100.0
FOVWC,159.0
9RPCV,265.0
O9HD7,258.0
KAL2N,19286.0
53ONH,83.0
FGV7B,45.0
M14ZK,89.0
8BTUR,165.0
NLXQT,60.0
Z6FS6,78.0
V0QDD,114.0
MX0PS,367.0
6ZGCN,123.0
MOFDH,74.0
AZHC7,100.0
XCEOL,27.0
QJF9N,52.0
3NAA6,49.0
7R9ED,76.0
1OH84,90.0
7FA8B,44.0
PGYRZ,80.0
FP9LN,300.0
IJAYC,110.0
FAPVM,52.0
8LQAM,226.0
G5IG7,98.0
HA7OR,89.0
E8IKI,164.0
ZNSZU,95.0
0PGRQ,68.0
J4VOX,100.0
O7RFX,182.0
P4NKB,120.0
IAAD7,95.0
H3WHX,60.0
T22DV,42.0
JXLYG,85.0
YWUSN,129.0
XAQB3,55.0
Z12CX,80.0
UBKUU,95.0
Q6MLO,65.0
SYFNJ,105.0
4U5JY,169.0
PMKHX,197.0
H2NY0,59.0
AM5MH,99.0
1YGIQ,68.0
EIWCI,40.0
NUJSD,55.0
Q6DMR,150.0
AZIRV,60.0
J8QUI,90.0
IL2CI,164.0
IICTR,96.0
HSAEJ,99.0
S6K7S,32.0
62LJV,53.0
ZKBEN,136.0
BGQCT,179.0
OPXNZ,84.0
OX4HE,299.0
4WUJK,99.0
G4UB7,71.0
1WOWF,130.0
GF1EZ,125.0
59L5L,59.0
KNLAH,125.0
ZZ962,261.0
DDBFY,65.0
SYEP4,122.0
8LVWF,79.0
TNTH6,109.0
EXQYP,73.0
WQBWO,48.0
NMSYG,50.0
FNBGT,53.0
MJTDK,65.0
F6W5J,97.0
WDSMV,110.0
CI36S,70.0
KEDJA,179.0
6BSKP,50.0
VF7JJ,162.0
SX9GH,188.0
7JJDU,357.0
1KWRN,90.0
CR727,38.0
MEKP2,50.0
QCLS3,85.0
7GZI2,66.0
U4IZS,44.0
TNLIS,161.0
2PWL6,99.0
FX8HR,64.0
GJAEE,119.0
MQNIS,136.0
0CCJ0,58.0
18ADU,200.0
IKT6T,79.0
MAQAI,180.0
GIBIW,85.0
BVB0G,226.0
RGOST,27.0
U1GRE,123.0
GYTVT,293.0
VUSMS,99.0
2TBBS,57.0
MMS8E,119.0
GEDEQ,65.0
GGTNC,32.0
CR9NS,142.0
KDIAQ,160.0
O60WP,62.0
PDTXL,184.0
UJPFX,80.0
2GMMX,100.0
AFOWD,48.0
39UBF,94.0
BBLHY,50.0
X9L74,135.0
AHF68,75.0
07ZXX,383.0
RVOBA,77.0
TWIPU,65.0
UYTNR,119.0
QGAXJ,75.0
1OCFK,165.0
FG0YV,95.0
GMRHI,72.0
FYZOB,213.0
M7YBO,177.0
ZUPMO,80.0
G5ZGG,220.0
AUKFH,45.0
XXJBK,60.0
WV2PH,60.0
TOBIG,198.0
GYSP3,56.0
KZEVQ,199.0
AD3RT,86.0
DZPBE,36.0
D2GKC,165.0
4Z1SC,67.0
1SKL5,65.0
WMJRF,97.0
JYKBE,73.0
G4TCE,50.0
XVKFO,99.0
UJD7J,120.0
8JDMY,282.0
IAOOQ,78.0
CCDSS,60.0
BOO4P,109.0
LDKTA,47.0
XI4Y5,85.0
MHXXJ,105.0
Z8X9A,142.0
QKDTJ,181.0
NC2MD,100.0
IVMBC,78.0
0BGCS,50.0
DQJ0H,55.0
0VBSS,160.0
B3RD6,70.0
G4PKS,85.0
TMQ0W,65.0
N0ZP7,75.0
3NRVH,75.0
RXBNJ,200.0
TFD5A,82.0
HKYDJ,68.0
YP0FS,95.0
JS9OB,76.0
U38K4,250.0
7KDZP,122.0
AQ3F5,92.0
ZIKMB,48.0
PFZXC,128.0
R6WTU,249.0
AWCC9,42.0
MGOQ1,50.0
HLZOE,49.0
AMKMO,94.0
HTJ68,49.0
TQM6D,79.0
5DRFW,145.0
IFUAH,73.0
URCP9,144.0
BAVJW,79.0
T7QAN,55.0
YYNEH,170.0
32OIN,90.0
PN2VU,79.0
FSUGL,179.0
M4VW3,125.0
SFPO1,100.0
DE8X9,140.0
VQOKY,38.0
LFAU1,210.0
VQGUC,99.0
PATAA,50.0
SSTVU,125.0
SPN5X,200.0
X3E2X,43.0
4BQII,96.0
1FD2J,50.0
TE56A,50.0
KVQO1,99.0
SQOZY,77.0
O25HN,76.0
6HTFV,55.0
FEUHM,58.0
XCA3U,298.0
R9Y6X,1222.0
IISYD,40.0
UQCZM,90.0
3P6ZW,149.0
KPXXP,203.0
LNMUN,49.0
JV2DQ,90.0
UIGSG,55.0
RLOZQ,140.0
FIL4D,139.0
FGUQS,139.0
K5KQ1,65.0
FTN9W,106.0
ISLZP,74.0
DGHCW,58.0
2IWXT,153.0
ZQ1XN,175.0
ECYGJ,99.0
VPC55,145.0
RZBTM,65.0
TTI5C,126.0
J8FVL,66.0
NVTKX,57.0
QAKEV,181.0
3EIEQ,80.0
DIEJO,99.0
QKCJ6,279.0
MWUZH,42.0
HSR1G,107.0
LVGLI,62.0
DUWNT,70.0
SSHCV,89.0
M3J2S,97.0
2G5EZ,285.0
JBS1V,75.0
XUGZP,160.0
713YE,74.0
PAR1B,80.0
COYA9,55.0
P90YU,41.0
TDSGF,47.0
FRW4F,116.0
ZRE8E,69.0
1BEJB,189.0
QHK4T,65.0
WKKQE,519.0
IUEHX,84.0
IKITX,250.0
R5MYC,82.0
47BT0,120.0
ZR7ZA,73.0
X91KQ,50.0
0NEZR,50.0
5L4TQ,40.0
EOKYK,179.0
JKZ7O,150.0
GYKPF,75.0
UG6AR,180.0
CZBI0,67.0
CJ6AT,140.0
6LVGT,71.0
I1ZFP,139.0
GBZZK,31.0
N0NSG,47.0
HGEUN,65.0
VOVTM,120.0
CSZ5G,299.0
8SDQT,105.0
TJMAS,125.0
XBMZU,200.0
UQVUK,40.0
GGTE8,121.0
ORFWP,77.0
2T5OE,150.0
CCGJX,80.0
ZY14Y,250.0
MYVQ8,76.0
O4KMQ,160.0
C3TWB,110.0
HIWY5,188.0
VIXEQ,49.0
ETAIG,67.0
26DVL,76.0
AQB2B,50.0
8PRA0,48.0
NRHHE,60.0
JMQU1,85.0
DUPXW,75.0
ARKCU,59.0
NVVQO,113.0
6VCBG,51.0
ASSGO,100.0
LFK1K,283.0
IMFFM,160.0
EEUCY,120.0
RIPKA,97.0
BAHDO,43.0
DUQLW,45.0
SLGDE,123.0
VUFME,47.0
KGOCI,36.0
B4DK3,40.0
A7AJ4,157.0
4UB0V,78.0
HY5FY,193.0
EQPVT,29.0
8WMU7,55.0
M8DSF,120.0
WPCMU,130.0
X9JZM,122.0
XYBGN,116.0
CSXCS,101.0
QU46O,57.0
VCHUW,182.0
AFXZN,87.0
QVYWM,42.0
N3VNF,116.0
HTKTZ,90.0
CB3BF,29.0
GGLRB,57.0
AFCV9,335.0
IVOTN,98.0
M6MRQ,88.0
OXYQ1,140.0
OSB30,144.0
ZIVC1,72.0
BFL93,59.0
LVFNR,99.0
CCLJH,127.0
ZAMDO,350.0
J7T9Z,45.0
KPFSS,74.0
PU69N,99.0
SZDDP,86.0
IUZO2,120.0
BWT8Y,53.0
OGGZE,49.0
VTGGT,125.0
RUQEQ,106.0
IBAU5,77.0
TQYGI,120.0
TMDJK,49.0
70QOT,99.0
QUYMX,40.0
IVFZX,140.0
R9B0W,100.0
XKQ2V,65.0
ROUMA,165.0
BTC5O,99.0
UMQXI,55.0
RZVOG,246.0
QLZYH,90.0
SV7QC,96.0
0FB3T,201.0
TGOVZ,80.0
A33II,99.0
WM3JT,221.0
QYZ9V,65.0
BRGDH,125.0
V0HAB,85.0
JWV2M,999.0
NKIJF,40.0
54GZR,99.0
P6MFO,249.0
KLU6B,75.0
BQHIW,45.0
O4OZE,139.0
T1NVS,80.0
Y95IE,30.0
7LAL7,140.0
QNZSJ,75.0
AZPAM,241.0
OI1GC,56.0
MI1GE,90.0
R0OSD,95.0
HMD3H,334.0
MI8S4,125.0
HFBPT,48.0
DDVSN,215.0
QBUWC,80.0
87FHX,37.0
RRRPB,50.0
JUDOO,256.0
WURDN,108.0
EAIMK,87.0
DXMF8,51.0
UEDHK,150.0
VOPQB,110.0
II2RJ,58.0
VIWL0,189.0
E3Z1Q,68.0
QGNPV,49.0
LHYO5,109.0
RI8DY,200.0
X3P5D,49.0
BTYQQ,85.0
X2QND,81.0
KXEKL,66.0
RG9TQ,80.0
JOZQE,110.0
DRQGJ,100.0
ILNDC,90.0
3WFJE,30.0
6OLWO,1000.0
RXLYV,51.0
ALSJU,70.0
KMSGH,62.0
LZRQ5,127.0
C1PXL,171.0
FWHYX,53.0
WQSMV,195.0
HLG5C,75.0
LHZ2O,37.0
VVYNG,168.0
PGIF5,65.0
RSNQL,120.0
00WLU,125.0
RDQD1,65.0
CTGV6,220.0
II7ZJ,127.0
6ALED,227.0
RNJC9,55.0
CKU66,119.0
DBO8U,82.0
WTB3L,89.0
3DXJU,80.0
XCFVM,63.0
T3UBJ,73.0
LY5D8,54.0
VGWMQ,110.0
FRTK0,53.0
4LCVR,182.0
YGQZE,49.0
JO1MS,50.0
PPGQ2,190.0
HZCQ6,112.0
QJFMG,101.0
OBA3N,108.0
UFC2Y,107.0
CQODN,100.0
CWBOP,10.0
N38L9,149.0
4DYIH,100.0
QGIKY,35.0
T1VAJ,108.0
IKDCW,55.0
FLND5,69.0
RSTMS,76.0
ZHK5D,70.0
WYBQS,58.0
AEMCJ,74.0
WR0QI,110.0
QVVA3,40.0
BFIFP,207.0
5UED9,92.0
XUGRV,270.0
GKP92,39.0
BEEJ2,80.0
GWUPP,69.0
29VTY,55.0
PWSMB,70.0
PPZYQ,70.0
PMG69,39.0
AMTWT,172.0
6OCN6,76.0
GHG45,139.0
VG1YA,46.0
GIQDA,39.0
LT43A,85.0
BFKW6,46.0
BLZIG,40.0
7QTV1,50.0
YMXVK,43.0
1EXUV,88.0
IHTU8,94.0
ROBCB,70.0
INS7J,89.0
LIUDL,48.0
IYJ5N,184.0
LWMZI,120.0
AFW0M,36.0
MZDRQ,69.0
WZQLN,60.0
UEDL7,242.0
IHHY6,157.0
KXQRQ,80.0
Q92ZM,50.0
AOKST,98.0
I9OEW,145.0
2BVBQ,70.0
TWHOF,83.0
P6RME,89.0
SEC42,35.0
CWTT9,85.0
9OZMU,107.0
BK7DZ,110.0
P9LVY,189.0
PRZZV,166.0
BQHV7,106.0
DK14T,35.0
ZRSEY,140.0
TMBOJ,46.0
WYOQY,146.0
ULEML,238.0
USO82,88.0
JWWVD,120.0
26FOA,95.0
L833M,25.0
8H4N6,50.0
CXTRU,176.0
DZMST,150.0
NCGCW,50.0
KFFUV,56.0
MBY7D,77.0
PGFAS,78.0
PYFSE,48.0
TFODX,97.0
4N9AX,82.0
RF00V,59.0
HDWF8,95.0
VIDOK,70.0
M2RFF,39.0
S08NQ,85.0
4X1KZ,62.0
KWVHQ,71.0
6NOUE,350.0
C6RSZ,73.0
OA0Y8,27.0
BKCNI,40.0
P6HL8,81.0
KIEW9,50.0
FG07X,76.0
O87TX,67.0
ITEOT,447.0
GDVSY,49.0
X8HPD,41.0
QHTOW,98.0
DW9IN,109.0
GSDAD,120.0
WUBJT,64.0
UKXAL,63.0
DHDAL,89.0
9X9ZN,50.0
ZL0ZU,47.0
ZE2TA,48.0
0QB8E,55.0
IFXD5,193.0
TVQXL,56.0
GKOYN,100.0
WTHBZ,75.0
BDL0S,144.0
FBRNK,65.0
POGY0,162.0
FYB3U,86.0
62290,195.0
CIZTN,200.0
RDCBK,245.0
RBW1K,115.0
MTBDP,60.0
J2PKE,205.0
7XFUP,65.0
QWRBT,96.0
VPP2W,46.0
YORI5,45.0
LLFY0,135.0
YX9QU,89.0
ZGYCI,45.0
KO2PC,37.0
QZRF8,35.0
NRP16,100.0
TBVAT,437.0
LK65C,115.0
WXS5S,67.0
VFBOX,47.0
GEKQ6,85.0
CNM8L,55.0
YCVBV,100.0
HFSMW,38.0
F8NJD,29.0
NU7FB,68.0
MARB7,54.0
JKKWP,98.0
CBZOA,95.0
NJZFP,46.0
ZY3WB,89.0
QTFLB,100.0
PHFTH,62.0
FWXIG,58.0
DDPWK,98.0
6DVPU,109.0
J3B0R,86.0
MUJRG,150.0
QQFDV,100.0
4JUCN,321.0
MTEGK,27.0
RZN0Q,49.0
0EHE5,53.0
NKWUP,70.0
OFE5R,199.0
IRMMF,155.0
NNSA4,192.0
GXNHP,40.0
PTSRU,89.0
JRMVH,35.0
JKCCP,43.0
SGWLV,105.0
46ET9,44.0
ZAUNN,128.0
RLXAM,285.0
LMQ3X,145.0
BI5OB,67.0
EE6R0,72.0
1H7DB,9999.0
XCELY,61.0
PPD1V,40.0
NOVT4,67.0
HUIEN,80.0
QYHEU,115.0
DJOPT,50.0
TK1KF,56.0
EEVBH,70.0
6PVHG,70.0
UYY5G,130.0
D1KRE,125.0
6E4ZM,93.0
DFNRJ,80.0
BMYPF,72.0
GGPQI,118.0
FWF9K,139.0
QOO6X,69.0
VHOJE,85.0
ZMSWA,49.0
KCB6Y,75.0
VOPT7,89.0
8DQR3,50.0
YXV8M,70.0
STHIF,87.0
D2CML,129.0
E1AYR,132.0
TFC2Y,129.0
ISLMZ,84.0
JREBA,146.0
OBZ52,169.0
TXDMF,50.0
XEOTZ,37.0
X1AA2,60.0
9OUHV,1000.0
MZ5JH,74.0
FITPB,80.0
GCVI6,159.0
SE39P,79.0
P2MZT,118.0
DHUFA,64.0
MYW9C,65.0
C8IAR,135.0
A9UHS,243.0
EVVRW,60.0
CTJM4,83.0
TQMIT,47.0
DPTAE,41.0
N8GKT,88.0
SXUPX,128.0
G4OJ0,155.0
LDOKJ,139.0
OBIKF,110.0
QGEM7,71.0
LAYB0,55.0
HIEZI,91.0
IXGBT,106.0
HKPSJ,57.0
Y6NDU,43.0
7ZE49,317.0
LTSZG,66.0
MMJIK,37.0
IGVDZ,370.0
BV8CX,80.0
SGGEY,45.0
BXNJU,85.0
Y77M9,67.0
O1B26,159.0
8ZYZK,53.0
JUWYQ,135.0
D5J7L,88.0
EGN4C,119.0
BMORH,155.0
YTQA5,47.0
ERHIN,65.0
VBGB4,188.0
YVCWY,103.0
CZWKQ,60.0
ZD0NI,115.0
BJ6HX,46.0
XV4BN,79.0
NLSPY,74.0
US1PG,230.0
XWV7S,96.0
UGX32,70.0
YJDRT,85.0
WSFJX,59.0
JEMV0,95.0
LGFQL,68.0
MW6R9,49.0
GXWW1,50.0
32DJF,40.0
8Z3AT,123.0
BGO0X,122.0
5JEDL,99.0
QKA0Q,171.0
TIIBU,101.0
0RHIC,72.0
ICVT0,122.0
KCHVC,85.0
EFLNM,60.0
OOVRN,49.0
SB6AN,44.0
ZMVH9,99.0
1DPTM,70.0
UHE2Y,42.0
RFV70,77.0
KRKXH,94.0
1ZGIX,119.0
ZTXHT,175.0
UIXYN,415.0
AEE0F,48.0
UATQ0,200.0
Y5FIU,60.0
PXRVQ,235.0
XL9NF,195.0
3SCXO,89.0
KRQGJ,49.0
E9DWP,62.0
2JKAH,62.0
6RKVM,89.0
BLC5T,50.0
MZ2G3,246.0
8IYHX,121.0
IDIZQ,350.0
RVAPE,150.0
8SMSC,73.0
8EXTU,99.0
LFRMI,99.0
XYQHR,107.0
NZ4IJ,27.0
SJBNT,87.0
IBXJC,23.0
ZGNUC,108.0
UIS2V,95.0
DFFT7,57.0
E5RLB,42.0
47GHN,75.0
C32PH,92.0
6U1CK,180.0
LTIJA,85.0
WHXSX,123.0
FLSBH,50.0
P0FUO,67.0
SLHOY,77.0
JPJB5,93.0
SHZCS,145.0
RUJXY,55.0
N38EI,189.0
JKRMG,222.0
9TTRT,99.0
WJO5S,73.0
N33UH,159.0
XGCNI,39.0
FFBEJ,95.0
XBTLU,75.0
LREIV,195.0
OMY6W,100.0
KHLFZ,36.0
IXEE6,90.0
BSIUX,96.0
FKNDX,67.0
4BCIM,999.0
PINLY,378.0
ZN4EG,98.0
P83FP,303.0
1PYJ7,148.0
7ZWKH,27.0
MCZL6,99.0
RJYWG,90.0
TDDMR,60.0
Z2SHT,38.0
3T5AZ,52.0
WWDTF,183.0
HCTU4,44.0
5LSKT,503.0
NSPEO,1200.0
CEK3Y,111.0
XNBXA,58.0
WTSPI,43.0
VBUQS,71.0
D5PZS,95.0
H9HOJ,191.0
XNHRS,100.0
1WCUO,194.0
V0R2D,62.0
0QOJP,130.0
SA6VV,42.0
5CW4N,50.0
YAWYH,275.0
SW8LU,71.0
ARAB0,132.0
YJGVY,95.0
P6KVI,80.0
IME7G,110.0
CMXQK,125.0
OOFPH,39.0
EICMQ,53.0
FOFRF,65.0
QQUMQ,103.0
O4XVH,145.0
JYBHE,95.0
H37FI,64.0
T5Q1Y,60.0
FGPYL,50.0
AUDHY,330.0
OYGAV,74.0
OOMDP,70.0
LUZHP,109.0
QORE2,75.0
G3GFJ,80.0
OME4U,125.0
9TJIN,200.0
9RAYV,88.0
ZHDN3,31.0
NCGMK,51.0
LEKAW,80.0
YVXXV,238.0
5PCAA,105.0
RUMRU,62.0
WYA9O,238.0
PEOXT,175.0
ESJG9,150.0
AFOY7,99.0
A0BFB,100.0
PFVQX,50.0
IH2T2,133.0
JWOOB,38.0
MTPZL,179.0
ZUDOW,261.0
ZGNEG,75.0
EJWAS,70.0
3TZEN,219.0
6ZM7K,55.0
LBWA7,585.0
WOHJR,67.0
CBXX8,144.0
GZG83,9999.0
7VZR0,135.0
YXJWX,44.0
KVZMG,79.0
KWZBG,128.0
VAVZO,55.0
TRFZ4,81.0
IVHLW,73.0
35MWC,63.0
VPEXV,200.0
D4HF7,35.0
LB6TC,104.0
90WZK,85.0
ZVCPT,98.0
QU3BY,50.0
QQEZX,55.0
RS2SS,94.0
OTHBZ,100.0
HGVHG,183.0
N5TUM,71.0
6LLHC,125.0
61UHN,79.0
WZIU1,79.0
2GNIJ,119.0
EZNZB,164.0
GDPKI,190.0
GPAY6,45.0
ZUV82,72.0
7KPMO,120.0
BF5CL,50.0
FTHHZ,87.0
WYTCE,299.0
DJBSO,85.0
XKCGM,89.0
KZGRK,60.0
WKTAD,50.0
BO08O,133.0
VQKOS,63.0
U5GP9,40.0
G7OZO,92.0
QLFBE,38.0
6GTFQ,95.0
HQUOQ,128.0
QWS1T,78.0
PKEGE,49.0
KMK2G,60.0
Q8E2F,135.0
DYYZW,23.0
NXCG9,55.0
JSYN7,76.0
J9XZ7,38.0
HSE62,41.0
FFPWU,75.0
YHN5K,35.0
YRDQK,103.0
IYFHD,45.0
4JT5C,115.0
UCXS5,78.0
H88HR,75.0
LMHDH,95.0
IUGJM,99.0
SPOX2,45.0
SMZTQ,119.0
GCHVL,124.0
BEQGW,270.0
XJNDA,50.0
WRWFO,28.0
ZIEKV,58.0
NGF3S,46.0
IJDA0,99.0
EGMJ6,61.0
S9GU1,206.0
TRW1V,62.0
XJWSP,75.0
DMEZ3,129.0
IUJ9L,27.0
XNFQG,150.0
FUNVE,87.0
Z9XZX,95.0
HOZZX,70.0
LKLHG,100.0
AYNH0,59.0
VRRRR,99.0
LYGJC,40.0
8B5LN,68.0
AJFXH,347.0
9E4SH,95.0
BIZZJ,56.0
MYVQY,53.0
UAR37,250.0
APNR3,104.0
QCKMT,118.0
KWXZL,55.0
YIFUQ,39.0
ID3LE,53.0
U0QD9,49.0
ARVOS,65.0
0APMA,250.0
MMVV3,45.0
TLTHZ,99.0
K4VFM,69.0
LHISU,104.0
FJ3LY,49.0
UVN9U,82.0
B7SNO,70.0
ZXZQP,75.0
XNSPW,78.0
IREJG,40.0
ZYFJT,125.0
KPP0P,65.0
AZKYZ,135.0
Z72FF,118.0
VA4NE,127.0
SYPDM,45.0
XFR5X,40.0
G2GKW,110.0
CX9HG,55.0
MTKSO,60.0
3XV94,80.0
4VB8E,23.0
5GDRU,114.0
NVBWM,135.0
U6EZ4,140.0
YPQP8,124.0
AM6GE,99.0
WDOTC,34.0
JAFEC,31.0
4ZPFQ,101.0
K4CES,125.0
F2124,269.0
SRP3R,193.0
EIKUK,101.0
2YHIL,167.0
3MXNO,86.0
PBYWI,117.0
4M6RM,64.0
WZTAU,250.0
0XNJH,125.0
46I63,156.0
PX8IA,60.0
DV9PB,95.0
WCGPM,130.0
N6S0E,60.0
PUEOG,65.0
OZIXT,130.0
PUSXF,219.0
QHOU9,165.0
FH3VF,100.0
MP2WU,54.0
WTULD,89.0
QPOH1,219.0
I5WQE,60.0
SWZPM,99.0
PFVT7,189.0
9DBCS,120.0
NBMM3,50.0
LHZZB,42.0
GR2DX,262.0
FR5OV,119.0
3OKS2,94.0
BNLL5,114.0
YIYUE,162.0
VFUKC,85.0
B3BND,57.0
IYCXG,241.0
I5QO7,87.0
3OSLP,70.0
YARCK,240.0
ZXO9B,32.0
FXGW1,47.0
UXTEE,92.0
D1ENY,249.0
4WCEV,73.0
SJU0R,91.0
4NH4G,50.0
ZXSVN,84.0
LI7HG,189.0
HYNAK,88.0
CTUCK,35.0
9TIS9,86.0
ZA97M,99.0
TYGXE,50.0
BTGIH,240.0
X7KTF,89.0
PPULH,362.0
U5NQG,130.0
DZZGJ,79.0
JFSPK,75.0
IQ7NF,145.0
MF7S8,25.0
QDLZR,36.0
MKEUM,80.0
LEVW9,73.0
LD5VP,124.0
V4HFB,75.0
WGERT,95.0
8GJT9,120.0
JGTAN,50.0
C2KZ8,72.0
GJLKQ,65.0
CJTKP,199.0
IXQKP,40.0
TPDSZ,40.0
C8GCQ,232.0
R3XNJ,165.0
KYX9I,47.0
O2WAQ,75.0
F3Q9A,45.0
CLZDE,140.0
EBKXV,87.0
A9T8U,49.0
9X36F,226.0
ZWDYM,117.0
GW7UX,76.0
GMFYV,99.0
ZQ9LE,50.0
ALRDE,70.0
OUISU,69.0
OJ3LM,90.0
8WS30,50.0
NPKVQ,33.0
BYDHZ,99.0
HV42C,1000.0
LEUJV,90.0
AXGD4,160.0
ODNS1,176.0
BQWW2,73.0
NBSJ3,70.0
WVVZ9,35.0
OQOPG,75.0
RMMZD,324.0
NVNCS,54.0
N3QCE,123.0
JHYNR,185.0
PKASO,180.0
FSOT8,160.0
MPU7A,53.0
IKEGR,100.0
J1BXK,92.0
QBSPN,76.0
XGBDD,136.0
UWHUL,65.0
EFQN8,250.0
STKOA,74.0
OACCB,101.0
AK3GQ,38.0
LEIKY,29.0
BZWVQ,96.0
S6Q2X,9999.0
N4WZM,162.0
GDDMC,101.0
EYDFU,57.0
CUHIQ,28.0
6IXKN,85.0
QORUG,68.0
YBC0I,54.0
VFVDN,103.0
ZXFDI,55.0
FJHHW,200.0
ZF110,70.0
OBH3M,471.0
YQNLN,109.0
DAGAH,55.0
PSJAV,85.0
6PDSQ,45.0
AIPVY,9999.0
GQK1J,107.0
4WTH7,55.0
MFOUN,44.0
39OEV,53.0
HHLMY,35.0
JU3GC,170.0
IOBF3,130.0
XJ9XT,177.0
BWWUX,50.0
DX703,40.0
GITUF,89.0
ZN7BG,58.0
B5QCE,37.0
C9BWQ,122.0
VRUJW,30.0
C64L2,428.0
1I73K,132.0
L5GSG,79.0
K51UU,35.0
UFG1A,157.0
5XGK7,75.0
QUVAE,49.0
5YE70,116.0
NBIC2,250.0
KL0EP,149.0
Y2D9Z,141.0
X76KL,38.0
JJWEM,110.0
JMTL6,261.0
XOOXN,97.0
UFFBX,64.0
HIK7D,40.0
UB3U6,73.0
PMM0E,38.0
GJNFG,212.0
0H9XC,59.0
YWAQW,134.0
BWGNL,42.0
OIGFT,135.0
VAIAW,99.0
USNBR,55.0
5UMZ9,122.0
NR43V,110.0
BXVXY,199.0
PGKMJ,176.0
FJSYQ,125.0
2OB7T,85.0
KTV79,100.0
LNNUD,173.0
GVUIL,70.0
V2DRS,25.0
N5IES,35.0
XME8V,40.0
LQJTQ,139.0
1WJVZ,150.0
CIO1E,79.0
U2S3X,53.0
EH7CZ,246.0
SFCFP,39.0
EDUTQ,100.0
ZYEGF,53.0
LTGSM,126.0
AD9TX,68.0
7UB4G,125.0
NSFVD,80.0
08GHY,71.0
9NSP7,75.0
9LPM2,128.0
VUEUD,113.0
LOOSN,58.0
J2LQM,298.0
CROE5,81.0
KOHXV,168.0
LL5W7,66.0
X3IKJ,243.0
T2NCF,95.0
4TGOR,55.0
YQRH5,64.0
K5XNV,48.0
8QJET,135.0
ZZDZI,50.0
ZGWCJ,22.0
EXONN,18.0
YZYKP,70.0
24RND,125.0
SSYYI,60.0
VOBJT,75.0
FNAMB,9999.0
4UJSO,32.0
EHRST,100.0
2K9CK,99.0
LGCRG,146.0
QSBCP,249.0
XKDPV,67.0
DOLOX,59.0
SQ2BQ,112.0
6DQQK,80.0
0GIJZ,193.0
A0T75,126.0
JCLUR,130.0
YAZOO,10.0
OLUS0,50.0
9BX0J,23.0
FMJSH,190.0
KNCHD,90.0
WE8PU,105.0
6DSEC,36.0
PYOYM,75.0
TMJTI,164.0
UYX0N,59.0
KUQEY,200.0
MSHG7,109.0
P5YOB,88.0
SJ1RO,95.0
MFMOC,60.0
FJCST,254.0
HRPMH,58.0
JICZD,120.0
WGWFR,139.0
0LYFQ,60.0
S32T4,40.0
KNUU7,60.0
HJJB0,58.0
H3CEN,111.0
YSB6A,90.0
AI7RM,86.0
5UZFT,40.0
LCSEM,137.0
C2SWY,162.0
6KFTX,84.0
W1XEK,176.0
QZTP2,80.0
RNQHX,40.0
PQCBB,62.0
CT4P1,83.0
SWJHJ,133.0
PRWLR,100.0
ZDQJJ,179.0
FFXSO,128.0
WERLO,161.0
UHTNI,80.0
JUJMI,55.0
MCJND,133.0
5MLZI,40.0
WAYNG,49.0
5FWOF,150.0
APRXA,85.0
LFYY5,127.0
AHIYL,40.0
F0A3P,60.0
8QIFX,110.0
GIGKR,180.0
BXONY,55.0
EENNY,79.0
HT48F,109.0
0130C,65.0
MFEJN,418.0
KXOHJ,49.0
KUEKD,39.0
VM3GZ,111.0
1SABE,84.0
VZLNJ,50.0
6Z5DQ,90.0
SXGCH,250.0
XIXAW,100.0
T2BOX,84.0
FNZ9G,46.0
CGFC0,61.0
LKJCE,60.0
VCHD5,155.0
2LYK9,62.0
88GTE,140.0
1MSZU,163.0
KEAHQ,230.0
ZXGBN,86.0
P188P,48.0
X3FLD,209.0
TB3LB,50.0
WSWEG,44.0
7ETFA,205.0
MMRLR,114.0
MRV4R,70.0
7KWX6,98.0
STTHC,95.0
MNL9K,84.0
AJ8QM,1006.0
QFLRA,59.0
ZVBN3,146.0
OUQRL,71.0
BBUZH,136.0
YHSZV,87.0
5DU2H,112.0
XAXIE,102.0
8XLPU,77.0
NJL5C,59.0
EJOYJ,140.0
AQOBN,75.0
I54SV,65.0
NSVGT,72.0
R5GPR,104.0
MNYMP,90.0
WNLPJ,200.0
78QED,80.0
CD7QV,97.0
WXSHP,201.0
AJE6I,89.0
JH7YW,122.0
I9ASU,69.0
PW8WS,126.0
ISAN0,60.0
XDQON,225.0
NT9UC,50.0
TI4DZ,50.0
FZGZX,226.0
CD78F,211.0
WP1VN,46.0
GJZHB,99.0
R8DJD,60.0
ZFICZ,999.0
CZGIM,95.0
WZKBJ,91.0
2Q09M,60.0
46DQI,95.0
OPOGH,54.0
UMHYW,75.0
OQQBN,141.0
MKXTQ,99.0
ZIJUU,184.0
LMEDM,162.0
BP3ET,151.0
6K3VL,79.0
OTJ8U,266.0
SWSUL,119.0
V4QY6,36.0
53ZNN,67.0
LJDPW,29.0
SFWRC,69.0
9BUFF,180.0
STNF7,149.0
JS9LB,138.0
GAFFX,74.0
UC592,75.0
S7S5V,89.0
YQA6J,105.0
9G2I0,65.0
4TF3W,75.0
CKZDB,225.0
D27HU,130.0
L1M4U,999.0
HDX1N,173.0
JGKMN,60.0
EMTBQ,85.0
GJYDX,299.0
XDMG6,55.0
1OYFV,120.0
II5M1,65.0
0KTK6,43.0
XBUDW,46.0
UIRJQ,55.0
7DCNJ,70.0
LW736,105.0
QMRVD,71.0
HDRR3,99.0
6AIOL,75.0
CR0RA,78.0
T2R8R,115.0
Z4LMI,1000.0
QO0ZF,125.0
D0HT4,90.0
JCPOS,100.0
JHFI2,74.0
TGXZQ,120.0
GWGZD,55.0
HOKSD,100.0
9GDOA,62.0
D1QXP,76.0
ARLBW,74.0
MTH2Y,47.0
RSXIQ,117.0
MX5EN,63.0
BKGXM,98.0
K1RDY,153.0
TME1S,51.0
DE50J,159.0
L3DLQ,58.0
9WWMB,154.0
OAYNH,999.0
GSOL8,85.0
WTBPT,69.0
BW2H8,55.0
C6PBY,180.0
2C1AP,194.0
OKZYW,80.0
B33N8,101.0
9N7UL,50.0
Q2OV5,140.0
EH98A,90.0
LZV2I,51.0
ZMVZ5,130.0
DTZAU,68.0
7DTP4,64.0
SVE2Y,79.0
00CGX,120.0
CG3TA,213.0
LFD7Q,41.0
73V4A,30.0
DVBS3,87.0
0DBGT,72.0
ION6X,104.0
TREKJ,209.0
WFXP4,95.0
VVIVT,72.0
BFEEP,68.0
A77WN,285.0
6WYNP,95.0
OK8IO,160.0
H5DBD,60.0
CZEUN,60.0
PNVKJ,47.0
OHXDV,60.0
DEIC6,79.0
L06MU,135.0
F9Y5R,109.0
3ZCZH,50.0
28RSR,55.0
RXBDQ,100.0
XZ3QV,128.0
RE20D,295.0
0XHTE,163.0
WQZHK,91.0
ECJLH,125.0
VQHBZ,322.0
IJTU4,39.0
PWVIW,72.0
AGNRE,50.0
9NOQL,80.0
BQ7BQ,73.0
XRWMM,83.0
EXGL8,83.0
SQ50R,159.0
ICIQ6,55.0
ANCPC,55.0
IRV3U,95.0
LWVSB,80.0
UWM2J,40.0
DIZKA,45.0
UGOT8,93.0
QJSYW,145.0
LHK3W,161.0
SU64L,28.0
ROWB2,110.0
ZSPHK,41.0
AX5AS,144.0
0WWEB,75.0
8NZI1,125.0
2EPTO,95.0
WQNTU,92.0
WDXG2,74.0
DRZXF,137.0
KYWHV,145.0
CRWO7,64.0
ZKD0D,39.0
RBDWD,79.0
LLRPY,49.0
TDXS4,200.0
JUBYC,57.0
7AZR6,51.0
A5QBW,50.0
SG9DF,58.0
DHMCY,116.0
3JZAJ,80.0
IIIYT,60.0
ZEQIA,109.0
0XTYJ,49.0
H2OB5,49.0
TQJYA,89.0
SIMIW,58.0
5NGJM,81.0
6RRVG,58.0
AQ4U7,68.0
PREG1,88.0
HGUCQ,139.0
3NFOC,180.0
CFVMC,107.0
AEK9N,219.0
YMGCF,399.0
IMVC7,60.0
9FIQV,40.0
XVDXY,150.0
2FPGV,143.0
4DTYP,90.0
JPE6Y,110.0
X5D7U,45.0
DPLVL,40.0
I42I8,138.0
S1NIQ,95.0
YBF1N,100.0
73AEX,46.0
ACH3T,90.0
ZLRCJ,99.0
3GPIW,150.0
0T43K,125.0
IN9DH,94.0
MIWAZ,34.0
VLEDV,140.0
RKGOQ,73.0
CZBU2,85.0
XEKJB,149.0
0LTRX,47.0
9O3LM,97.0
JVQ8Q,98.0
U0DMZ,62.0
R9BFT,65.0
QOM7F,195.0
OGRLA,109.0
AE7MB,160.0
QI79T,50.0
GRMCN,69.0
CWNK3,51.0
XO3HO,143.0
GB3UF,585.0
GK9OK,200.0
XXASI,159.0
FTYCV,225.0
5F5TT,42.0
PXDCK,165.0
EZLQS,55.0
4COGA,99.0
9IHM1,63.0
FXTIY,72.0
CNIJV,85.0
SBRWI,99.0
60QKE,169.0
RBDEP,217.0
TSR1Y,140.0
TBOMV,157.0
UBMY1,37.0
ZTM8M,213.0
T7AG9,351.0
BY7GF,98.0
Z1SG6,60.0
EEL3R,116.0
EOH6G,165.0
TUBYY,148.0
NLVHU,83.0
BJJPE,90.0
VGLV6,85.0
4HJKG,70.0
PR6WK,95.0
PIWRR,65.0
4QUIB,50.0
VNM6W,100.0
NIRWS,200.0
TP6NI,59.0
240GZ,479.0
JTSWO,95.0
W2Z2Q,80.0
Q4UET,115.0
FEDHK,137.0
A4XVG,95.0
XVFV4,89.0
OPZMA,99.0
AZ3OR,89.0
WYQZJ,110.0
MTK6M,27.0
9WZYR,51.0
XQFV2,75.0
XKSGL,40.0
MICYU,164.0
ZRZU3,67.0
F9KSK,74.0
P0NVI,125.0
7Z29V,266.0
IB8TE,70.0
6KT6K,38.0
D7V1S,190.0
SCUUG,289.0
SBLWW,220.0
2MYIY,68.0
E8NH1,50.0
KMEXM,55.0
GMLQD,89.0
ERUPQ,130.0
CG83L,52.0
BELNS,45.0
TOFIR,165.0
GOTCH,110.0
85UZQ,113.0
PLP6V,70.0
E8CWS,60.0
OUI0V,81.0
XAGSG,70.0
C77CY,46.0
Q2CD0,330.0
N4BQ6,115.0
NMYI0,93.0
YS5M3,21.0
A9JNX,32.0
LNQSJ,52.0
9PCHQ,55.0
5BCZY,135.0
CHTVQ,84.0
ELG1W,41.0
7BPMF,150.0
YI9MR,55.0
IRHWW,45.0
WHH5V,40.0
WZH9F,95.0
II60H,56.0
OVFMP,30.0
ZHKLU,75.0
9OHEZ,58.0
P2BPG,138.0
7MY0K,58.0
0AJGH,68.0
XOLEV,81.0
TZF5H,96.0
IQCWA,308.0
IQIA6,140.0
QHLPT,90.0
N83B6,62.0
ALEVM,27.0
P9VWD,128.0
6W8OT,143.0
CXEXC,35.0
TBYEV,192.0
TM3WP,130.0
O3IDZ,115.0
ZQOTC,42.0
EGGDH,88.0
UHUHP,49.0
A0OVB,519.0
XOUVW,125.0
AWTVS,69.0
PFSSW,67.0
ONPWF,300.0
IVJZ4,49.0
BM0MH,62.0
J2SCE,136.0
6J9ZW,90.0
YLVHN,71.0
WWZAQ,86.0
E3VUB,155.0
ATMVZ,54.0
YJSHT,115.0
YZK2C,60.0
6QS9T,100.0
2MTNY,110.0
OUKUD,367.0
1ZSX8,256.0
WAYJK,39.0
F75M5,68.0
KKBW7,93.0
NZLEU,45.0
W8NU6,131.0
FCKIR,60.0
FHG9U,99.0
KASF2,76.0
8PKPY,50.0
T3FDW,90.0
SHSBS,119.0
RVXJ0,60.0
HO4XF,107.0
HHUSR,60.0
SCXBS,199.0
I8XWV,22.0
FBLUK,183.0
ONJFL,139.0
H6PDY,50.0
T6OEE,86.0
1NKIM,53.0
AZPLQ,29.0
2OPNP,207.0
KSTZG,60.0
P0R4W,40.0
SE3QQ,90.0
GK8AB,74.0
YYEWD,115.0
RED4V,130.0
BSCEG,107.0
ZWSAS,73.0
OG0VM,66.0
58PKV,24.0
2C627,70.0
ZRWEV,39.0
53QXB,59.0
POAND,68.0
RPHJO,69.0
QNL82,89.0
3JRCB,98.0
NKL4S,120.0
WBR2Z,35.0
1YALT,205.0
AULPE,82.0
ZZU4S,338.0
9EBCI,255.0
Y6QIL,53.0
TSKVV,76.0
S3QDS,105.0
ZLE9E,52.0
DVGRC,139.0
XVYS6,84.0
1ZO7A,35.0
HQKLO,175.0
TDMTM,64.0
PE8JC,47.0
TS9I3,50.0
BXVWO,110.0
TD7KF,62.0
D8E5B,65.0
VIIYO,80.0
RNEJT,40.0
BYUTD,165.0
ODKJN,120.0
RYPIC,70.0
PETUS,120.0
L4PPR,110.0
LXHVF,250.0
D3J6H,43.0
0Z4AU,65.0
QMMHP,100.0
1KHHL,155.0
WYUKV,124.0
OJCFO,90.0
INPFN,95.0
BYXWT,110.0
CB7KG,99.0
JGRFN,69.0
CIBY7,135.0
V77A1,140.0
TYQPM,155.0
A8VCT,68.0
V5TLP,195.0
VODLL,99.0
P3NZN,50.0
USKZD,189.0
UIHJ6,50.0
OO2TB,60.0
NFTMH,84.0
JCFCY,30.0
ONYKH,149.0
WULDJ,27.0
S3KC7,159.0
HHETU,79.0
SUKIW,90.0
X2VXV,80.0
NYDLB,70.0
G351L,171.0
4HSWH,250.0
SHJCF,60.0
SGOW7,99.0
YGQNS,100.0
YSPDC,164.0
VGKIG,201.0
PGXGJ,95.0
GZFFO,193.0
YTDPT,200.0
7UWJX,250.0
KQOAV,50.0
5FEHM,110.0
RD4JV,57.0
NBLOL,27.0
U6RXQ,85.0
UEINH,79.0
JSS2C,89.0
XR9OX,65.0
I5VRB,135.0
FXCWV,65.0
IFD6G,91.0
LMVCN,37.0
MPVA3,60.0
ZAWDF,146.0
9ELM3,320.0
WQ2IM,67.0
CYFPT,87.0
SW0IO,68.0
B7ZGQ,119.0
XEINS,89.0
NFSA9,200.0
INWXI,76.0
TMGHM,40.0
S5FDI,74.0
O8NV8,196.0
7MHL4,120.0
OWTXI,88.0
G2M9F,79.0
CKDUZ,99.0
NRG0X,57.0
QQQA4,58.0
80JVR,48.0
PKWNT,59.0
STRH1,102.0
PQEXZ,50.0
YJSRZ,59.0
IGBRU,51.0
QGKJO,45.0
1P9C2,375.0
HF6JY,192.0
C58BA,34.0
PT5ES,175.0
BB7C9,70.0
TO3VM,235.0
5PBAC,149.0
9UGSD,107.0
PIS72,89.0
53KH5,180.0
VEHUX,79.0
UEL35,254.0
Q9T4I,66.0
UOYXS,88.0
THSOJ,391.0
DMYN2,38.0
WJOQM,86.0
XRND7,123.0
PBWH6,73.0
2TAJ9,687.0
YFHBN,60.0
Z0TCA,125.0
VBCBJ,250.0
S2ZQX,104.0
